time,latitude,longitude,depth,mag,magType,nst,gap,dmin,rms,net,id,updated,place,type,horizontalError,depthError,magError,magNst,status,locationSource,magSource
2020-06-16T01:30:47.396Z,37.8294,72.2563,118.11,5.7,mww,,18,0.559,0.71,us,us6000ack0,2020-06-16T01:45:12.040Z,"72 km ENE of Khorugh, Tajikistan",earthquake,4.9,4.1,0.078,16,reviewed,us,us
2020-06-15T23:36:29.821Z,-2.7948,122.2814,10,4.9,mb,,34,1.808,0.61,us,us6000aciu,2020-06-16T00:16:48.529Z,"133 km N of Kendari, Indonesia",earthquake,6.6,1.9,0.087,41,reviewed,us,us
2020-06-15T21:16:49.795Z,53.8965,-166.7962,11.34,4.5,mb,,175,0.18,1.3,us,us6000acg7,2020-06-16T01:25:34.919Z,"16 km W of Dutch Harbor, Alaska",earthquake,8.1,5.3,0.04,184,reviewed,us,us
2020-06-15T17:29:45.271Z,-37.8492,177.5155,36.7,4.9,mww,,107,0.689,0.69,us,us6000acbn,2020-06-15T22:35:39.204Z,"26 km NE of Opotiki, New Zealand",earthquake,7.6,7.2,0.093,11,reviewed,us,us
2020-06-15T17:19:29.150Z,24.9243,123.252,10,4.7,mb,,82,0.505,0.7,us,us6000acb9,2020-06-15T17:34:22.040Z,"56 km NNE of Yonakuni, Japan",earthquake,5.7,1.9,0.098,32,reviewed,us,us
2020-06-15T16:55:02.049Z,37.8746,141.5434,80.15,4.5,mb,,105,2.934,0.71,us,us6000acb1,2020-06-15T18:31:04.040Z,"63 km ESE of Watari, Japan",earthquake,9.3,6.3,0.049,125,reviewed,us,us
2020-06-15T15:47:19.142Z,24.7596,123.0748,10,4.7,mb,,49,0.296,0.55,us,us6000ac9p,2020-06-15T16:27:05.040Z,"33 km NNE of Yonakuni, Japan",earthquake,4.3,1.7,0.091,37,reviewed,us,us
2020-06-15T15:24:39.974Z,24.8918,123.2695,10,4.5,mb,,84,0.483,0.43,us,us6000ac9e,2020-06-15T16:08:21.040Z,"54 km NNE of Yonakuni, Japan",earthquake,5.7,1.9,0.106,26,reviewed,us,us
2020-06-15T13:47:15.931Z,24.854,123.2443,13.47,5.2,mww,,66,0.439,0.58,us,us6000ac7p,2020-06-15T14:41:01.040Z,"49 km NNE of Yonakuni, Japan",earthquake,5.4,1,0.061,26,reviewed,us,us
2020-06-15T13:30:58.260Z,24.8724,123.3029,10,4.5,mb,,86,0.482,0.95,us,us6000ac7l,2020-06-15T14:17:28.040Z,"54 km NE of Yonakuni, Japan",earthquake,5.9,1.9,0.131,17,reviewed,us,us
2020-06-15T11:03:37.964Z,24.819,122.9294,35,4.5,mb,,48,0.358,1.21,us,us6000ac61,2020-06-15T12:32:11.040Z,"39 km N of Yonakuni, Japan",earthquake,2.3,2,0.121,20,reviewed,us,us
2020-06-15T10:37:35.379Z,-9.4501,156.0842,23.22,5.3,mb,,37,3.811,0.81,us,us6000ac54,2020-06-15T10:54:31.040Z,"170 km SSW of Gizo, Solomon Islands",earthquake,8,5.3,0.083,49,reviewed,us,us
2020-06-15T09:18:03.133Z,24.7985,123.293,10,4.7,mb,,101,0.417,0.74,us,us6000ac40,2020-06-15T09:39:09.040Z,"47 km NE of Yonakuni, Japan",earthquake,5.9,1.9,0.077,51,reviewed,us,us
2020-06-15T07:24:58.607Z,24.876,123.1483,10,4.6,mb,,77,0.425,0.67,us,us6000ac2p,2020-06-15T08:58:10.040Z,"47 km NNE of Yonakuni, Japan",earthquake,4.5,1.8,0.083,43,reviewed,us,us
2020-06-15T07:23:00.485Z,-21.9512,-67.338,190.52,4.7,mb,,34,1.263,1.12,us,us6000ac2m,2020-06-15T07:47:35.040Z,"138 km NE of San Pedro de Atacama, Chile",earthquake,7.7,5.7,0.03,338,reviewed,us,us
2020-06-15T07:18:32.887Z,-24.2219,-67.2488,164.09,4.5,mwr,,69,1.525,0.97,us,us6000ac2l,2020-06-15T07:54:37.040Z,"94 km W of San Antonio de los Cobres, Argentina",earthquake,7.9,7.1,,,reviewed,us,guc
2020-06-15T06:51:31.738Z,39.4146,40.7491,10,5.4,mww,,37,0.633,0.58,us,us6000ac28,2020-06-15T22:22:46.040Z,"18 km E of Yedisu, Turkey",earthquake,4.4,1.8,0.068,21,reviewed,us,us
2020-06-15T04:53:39.152Z,24.7995,123.1051,10,4.5,mb,,130,0.341,0.94,us,us6000ac12,2020-06-15T05:13:18.040Z,"38 km NNE of Yonakuni, Japan",earthquake,5.2,1.9,0.124,19,reviewed,us,us
2020-06-15T04:15:43.798Z,1.2922,128.0573,119.27,5.3,mww,,32,0.862,0.71,us,us6000ac0i,2020-06-15T22:12:40.040Z,"48 km S of Tobelo, Indonesia",earthquake,7.4,5.6,0.089,12,reviewed,us,us
2020-06-15T04:09:35.835Z,-9.3105,156.0977,10,5.4,mb,,34,3.801,0.92,us,us6000ac0k,2020-06-15T06:11:49.670Z,"156 km SSW of Gizo, Solomon Islands",earthquake,4.9,1.7,0.038,231,reviewed,us,us
2020-06-15T04:07:47.989Z,-9.4714,156.0548,10,5.1,mb,,92,6.514,0.64,us,us6000ac0p,2020-06-15T04:38:46.040Z,"174 km SSW of Gizo, Solomon Islands",earthquake,11.2,1.8,0.051,127,reviewed,us,us
2020-06-15T03:01:21.914Z,24.8619,123.1853,10,4.7,mb,,99,0.423,0.63,us,us6000abzg,2020-06-15T03:29:53.040Z,"47 km NNE of Yonakuni, Japan",earthquake,2.1,1.9,0.075,54,reviewed,us,us
2020-06-15T02:32:53.989Z,24.8114,123.1905,10,4.5,mb,,131,0.379,0.58,us,us6000abyx,2020-06-15T03:07:23.040Z,"42 km NNE of Yonakuni, Japan",earthquake,6.2,1.9,0.084,41,reviewed,us,us
2020-06-15T01:29:48.175Z,-20.557,-173.233,10,4.7,mb,,70,3.443,0.65,us,us6000aby0,2020-06-15T02:01:45.040Z,"143 km SE of Pangai, Tonga",earthquake,10.5,1.5,0.084,43,reviewed,us,us
2020-06-15T01:14:40.299Z,24.8036,123.1623,10,4.5,mb,,141,0.362,0.32,us,us6000abxl,2020-06-15T01:29:18.040Z,"40 km NNE of Yonakuni, Japan",earthquake,6.3,1.9,0.15,13,reviewed,us,us
2020-06-15T00:16:08.859Z,-10.4009,161.5954,54.1,4.6,mb,,81,1.884,0.8,us,us6000abw4,2020-06-15T00:33:22.040Z,"36 km W of Kirakira, Solomon Islands",earthquake,8,7.7,0.112,24,reviewed,us,us
2020-06-14T22:29:58.044Z,7.6572,121.6915,10,4.9,mww,,66,3.899,0.81,us,us6000abue,2020-06-15T21:46:57.760Z,"49 km W of Siocon, Philippines",earthquake,4.4,1.8,0.098,10,reviewed,us,us
2020-06-14T22:26:10.851Z,24.8492,123.2179,10,4.7,mwr,,66,0.424,0.44,us,us6000abu9,2020-06-15T04:40:06.040Z,"47 km NNE of Yonakuni, Japan",earthquake,5.4,1.7,0.071,19,reviewed,us,us
2020-06-14T21:23:19.302Z,49.1352,158.0993,10,5.4,mww,,80,3.908,0.66,us,us6000abte,2020-06-15T21:26:05.390Z,"222 km SE of Severo-Kurilsk, Russia",earthquake,7.9,1.8,0.093,11,reviewed,us,us
2020-06-14T19:26:20.326Z,24.8657,123.3066,10,5.2,mww,,86,0.479,1.26,us,us6000abry,2020-06-14T19:51:22.040Z,"54 km NE of Yonakuni, Japan",earthquake,6.1,1.9,0.066,22,reviewed,us,us
2020-06-14T18:37:42.442Z,24.8151,123.2261,10,4.6,mb,,85,0.397,0.39,us,us6000abrd,2020-06-14T19:26:40.040Z,"44 km NNE of Yonakuni, Japan",earthquake,5.2,1.9,0.114,23,reviewed,us,us
2020-06-14T18:15:11.278Z,24.8797,123.1795,10,4.8,mb,,95,0.438,0.9,us,us6000abr4,2020-06-14T19:19:50.040Z,"49 km NNE of Yonakuni, Japan",earthquake,5.2,1.9,0.062,79,reviewed,us,us
2020-06-14T18:06:01.890Z,27.792,53.382,10.85,5.1,mww,,39,3.8,0.73,us,us6000abr2,2020-06-14T19:02:02.520Z,"55 km ENE of Mohr, Iran",earthquake,7.2,4.3,0.098,10,reviewed,us,us
2020-06-14T17:28:38.915Z,24.8809,123.2744,10,4.6,mb,,77,0.476,0.9,us,us6000abqq,2020-06-14T17:47:02.040Z,"53 km NNE of Yonakuni, Japan",earthquake,4.9,1.9,0.072,58,reviewed,us,us
2020-06-14T16:02:48.566Z,-23.5657,69.6006,10,5,mb,,59,13.044,0.73,us,us6000abps,2020-06-14T17:22:54.040Z,"770 km ESE of Port Mathurin, Mauritius",earthquake,11,1.8,0.069,67,reviewed,us,us
2020-06-14T15:09:18.541Z,39.3895,40.736,10,4.5,mb,,31,0.654,0.66,us,us6000abpe,2020-06-14T16:03:22.040Z,"18 km ESE of Yedisu, Turkey",earthquake,3.7,1.9,0.072,56,reviewed,us,us
2020-06-14T14:47:34.427Z,-3.1193,125.9385,60.55,4.9,mb,,60,3.777,0.49,us,us6000abpa,2020-06-14T15:46:25.040Z,"257 km WNW of Ambon, Indonesia",earthquake,6.3,7.7,0.128,19,reviewed,us,us
2020-06-14T14:43:08.290Z,23.3871,70.3817,10,5.1,mb,,40,11.175,0.65,us,us6000abp7,2020-06-15T17:49:55.280Z,"10 km NNE of Bhach?u, India",earthquake,9.1,1.8,0.036,252,reviewed,us,us
2020-06-14T14:34:50.628Z,39.4417,40.7518,10,4.5,mb,,98,0.608,0.67,us,us6000abp5,2020-06-14T15:36:43.040Z,"18 km E of Yedisu, Turkey",earthquake,3.2,1.9,0.113,23,reviewed,us,us
2020-06-14T14:24:29.496Z,39.4214,40.6969,10,5.9,mww,,24,0.615,0.63,us,us6000abnv,2020-06-16T01:36:15.040Z,"14 km E of Yedisu, Turkey",earthquake,4,1.8,0.059,28,reviewed,us,us
2020-06-14T14:24:08.380Z,-19.692,-177.3599,563.12,4.6,mb,,80,4.759,0.6,us,us6000abpc,2020-06-14T17:17:28.040Z,"276 km NW of Haveluloto, Tonga",earthquake,10.7,7.6,0.034,257,reviewed,us,us
2020-06-14T13:25:23.079Z,2.739,128.2904,117.39,5,mww,,88,2.161,0.88,us,us6000abnj,2020-06-14T14:09:29.040Z,"116 km NNE of Tobelo, Indonesia",earthquake,3.3,5.4,0.093,11,reviewed,us,us
2020-06-14T05:35:32.143Z,23.3074,93.8138,64.24,4.8,mb,,55,1.02,0.49,us,us6000abkd,2020-06-14T05:59:56.040Z,"45 km NNE of Falam, Myanmar",earthquake,7.3,3.3,0.041,186,reviewed,us,us
2020-06-14T04:57:46.398Z,2.3482,128.3719,10,4.8,mb,,106,1.86,0.96,us,us6000abk5,2020-06-14T05:22:46.211Z,"79 km NNE of Tobelo, Indonesia",earthquake,7.9,1.9,0.076,54,reviewed,us,us
2020-06-14T03:35:20.360Z,-9.0098,124.1306,81.53,4.9,mww,,73,0.752,0.95,us,us6000abjt,2020-06-14T07:12:43.343Z,"34 km NW of Pante Makasar, Timor Leste",earthquake,9.1,6.8,0.089,12,reviewed,us,us
2020-06-14T02:39:47.802Z,26.7107,97.1032,44.39,4.7,mb,,60,3.538,0.68,us,us6000abjj,2020-06-14T02:57:29.040Z,"63 km NNE of Sarupathar, India",earthquake,9.9,7.4,0.043,161,reviewed,us,us
2020-06-13T23:15:05.163Z,27.7364,53.2971,10,4.8,mb,,40,3.811,0.6,us,us6000abii,2020-06-14T02:48:51.632Z,"45 km ENE of Mohr, Iran",earthquake,7.3,1.9,0.044,163,reviewed,us,us
2020-06-13T22:04:16.679Z,27.7649,53.3793,10,4.9,mb,,72,3.782,0.74,us,us6000abi5,2020-06-13T23:45:56.360Z,"54 km ENE of Mohr, Iran",earthquake,7.6,1.9,0.04,194,reviewed,us,us
2020-06-13T21:08:30.798Z,18.9225,145.1033,622,6.2,mww,,13,3.719,1.09,us,us6000abgq,2020-06-15T21:18:38.973Z,"416 km N of Saipan, Northern Mariana Islands",earthquake,8.7,1.9,0.037,71,reviewed,us,us
2020-06-13T20:18:59.918Z,24.3126,122.4605,51.6,5.4,mww,,36,0.525,1.12,us,us6000abge,2020-06-14T20:23:10.237Z,"57 km WSW of Yonakuni, Japan",earthquake,4.5,3.4,0.083,14,reviewed,us,us
2020-06-13T19:02:08.715Z,51.9494,-165.992,10,4.8,mb,,135,1.924,0.79,us,us6000abg4,2020-06-14T04:22:40.791Z,"217 km S of Unalaska, Alaska",earthquake,6.2,1.9,0.035,248,reviewed,us,us
2020-06-13T18:48:29.253Z,-23.1673,69.0587,10,5,mb,,55,6.292,0.66,us,us6000abg6,2020-06-13T19:49:14.040Z,"700 km ESE of Port Mathurin, Mauritius",earthquake,10.4,1.9,0.061,92,reviewed,us,us
2020-06-13T18:07:59.438Z,-6.3303,154.1855,53.06,4.8,mb,,62,2.927,0.68,us,us6000abfn,2020-06-13T18:31:56.040Z,"143 km W of Panguna, Papua New Guinea",earthquake,7.3,7.1,0.04,212,reviewed,us,us
2020-06-13T15:51:23.368Z,28.9386,128.2621,159.62,6.6,mww,,30,2.094,0.99,us,us6000abcq,2020-06-15T23:33:48.834Z,"135 km WNW of Naze, Japan",earthquake,7.5,4,0.051,37,reviewed,us,us
2020-06-13T15:25:03.375Z,20.0177,121.4085,42.47,4.5,mb,,158,2.803,0.47,us,us6000abcc,2020-06-13T15:49:52.040Z,"75 km SW of Basco, Philippines",earthquake,13.5,9.6,0.062,77,reviewed,us,us
2020-06-13T14:24:09.570Z,-22.0034,171.0798,116.01,5,mb,,108,2.882,0.91,us,us6000abb9,2020-06-13T14:39:11.040Z,"330 km SE of Isangel, Vanuatu",earthquake,11.4,7.7,0.133,18,reviewed,us,us
2020-06-13T11:57:20.637Z,3.518,125.6478,54.82,4.7,mb,,99,3.223,0.92,us,us6000aba0,2020-06-13T12:29:11.040Z,"209 km S of Sarangani, Philippines",earthquake,8,7.1,0.056,97,reviewed,us,us
2020-06-13T11:43:35.006Z,51.3419,-178.4094,48.36,5,mww,,130,0.935,0.68,us,us6000ab9k,2020-06-15T11:53:49.183Z,"136 km WSW of Adak, Alaska",earthquake,8.3,6.5,0.078,16,reviewed,us,us
2020-06-13T09:15:47.203Z,-8.8412,117.8564,10,5,mww,,50,3.681,1.09,us,us6000ab7d,2020-06-13T13:59:05.333Z,"61 km SE of Sumbawa Besar, Indonesia",earthquake,6.9,1.8,0.083,14,reviewed,us,us
2020-06-13T06:07:23.367Z,-20.7831,-173.4709,10,5.1,mb,,81,7.818,1.02,us,us6000ab62,2020-06-13T06:52:18.040Z,"141 km SE of Pangai, Tonga",earthquake,9.4,1.8,0.084,46,reviewed,us,us
2020-06-13T05:52:34.330Z,17.9601,-66.9471,9,4.5,ml,29,187,0.0695,0.15,pr,pr2020165002,2020-06-15T00:18:40.360Z,"4 km WSW of Guánica, Puerto Rico",earthquake,0.46,0.55,0,0,reviewed,pr,pr
2020-06-13T02:10:50.874Z,5.6065,127.0995,73.64,4.9,mb,,106,2.096,0.88,us,us6000ab2t,2020-06-13T02:27:20.040Z,"131 km SE of Pondaguitan, Philippines",earthquake,8.3,6.3,0.067,70,reviewed,us,us
2020-06-12T19:16:18.949Z,39.2323,143.9738,10,4.8,mb,,136,2.722,1.1,us,us6000aavu,2020-06-12T19:44:32.040Z,"176 km E of Yamada, Japan",earthquake,5.6,1.7,0.048,131,reviewed,us,us
2020-06-12T19:09:25.961Z,-16.5686,-173.8244,120.7,4.8,mb,,49,4.713,0.82,us,us6000aavr,2020-06-12T19:38:00.040Z,"68 km S of Hihifo, Tonga",earthquake,10.7,6.7,0.031,324,reviewed,us,us
2020-06-12T17:42:02.661Z,38.3585,142.5267,61.71,4.5,mb,,126,2.677,0.9,us,us6000aau3,2020-06-12T20:06:12.040Z,"105 km SE of ?funato, Japan",earthquake,8.2,9,0.1,32,reviewed,us,us
2020-06-12T13:03:39.980Z,28.2062,104.855,10,4.7,mb,,74,4.548,0.47,us,us6000aam0,2020-06-12T13:44:20.040Z,"30 km SSE of Xunchang, China",earthquake,9.6,1.9,0.074,55,reviewed,us,us
2020-06-12T13:03:37.703Z,28.5832,129.4254,70.49,4.7,mb,,89,2.018,0.8,us,us6000aaly,2020-06-13T16:04:53.620Z,"24 km NNW of Naze, Japan",earthquake,8.1,1.4,0.045,150,reviewed,us,us
2020-06-12T11:30:36.522Z,32.6157,132.216,35,4.6,mb,,95,1.236,0.96,us,us6000aakx,2020-06-12T11:57:54.040Z,"47 km SE of Saiki, Japan",earthquake,6.3,2,0.09,37,reviewed,us,us
2020-06-12T10:51:02.250Z,-8.1081,105.2983,10,4.6,mb,,209,2.416,0.53,us,us6000aakb,2020-06-12T11:31:40.040Z,"185 km SW of Pelabuhanratu, Indonesia",earthquake,6,2,0.125,19,reviewed,us,us
2020-06-12T07:29:18.007Z,-44.4723,167.731,9.58,4.7,mwr,,89,0.935,0.75,us,us6000aah8,2020-06-12T09:18:41.892Z,"96 km NW of Queenstown, New Zealand",earthquake,2.6,4.9,0.061,26,reviewed,us,us
2020-06-12T02:53:22.612Z,-43.0528,41.8417,10,5.8,mww,,44,7.89,1.29,us,us6000aadz,2020-06-13T02:55:07.757Z,"1650 km SE of East London, South Africa",earthquake,9.4,1.9,0.093,11,reviewed,us,us
2020-06-12T00:53:26.308Z,-6.7534,-11.7766,10,5.2,mww,,43,2.817,0.6,us,us6000aacm,2020-06-12T03:32:05.040Z,"318 km ENE of Georgetown, Saint Helena",earthquake,8.8,1.8,0.098,10,reviewed,us,us
2020-06-11T17:09:34.620Z,43.143,145.9784,77.94,4.5,mb,,128,2.644,0.71,us,us6000aa2v,2020-06-11T18:03:35.040Z,"38 km ESE of Nemuro, Japan",earthquake,10.6,9.2,0.057,91,reviewed,us,us
2020-06-11T10:48:34.988Z,10.2844,93.7934,10,4.6,mb,,106,1.708,0.62,us,us6000a9x1,2020-06-11T11:19:38.040Z,"190 km SE of Port Blair, India",earthquake,12.2,1.9,0.107,26,reviewed,us,us
2020-06-11T00:40:24.166Z,-3.9154,151.3997,8.08,4.7,mb,,84,0.809,0.64,us,us6000a9mk,2020-06-11T01:05:47.040Z,"90 km WNW of Rabaul, Papua New Guinea",earthquake,6.9,4.8,0.096,33,reviewed,us,us
2020-06-10T21:14:40.953Z,-15.3134,-13.1602,10,5.4,mww,,48,7.172,0.96,us,us6000a9k1,2020-06-11T21:17:31.550Z,"801 km W of Jamestown, Saint Helena",earthquake,10.7,1.8,0.098,10,reviewed,us,us
2020-06-10T20:50:26.673Z,-6.3697,131.5701,74.87,4.6,mb,,131,1.624,0.55,us,us6000a9ji,2020-06-10T21:22:15.040Z,"154 km WSW of Tual, Indonesia",earthquake,9.6,9.4,0.103,28,reviewed,us,us
2020-06-10T20:01:00.182Z,-0.6893,122.4411,17.4,4.9,mb,,50,0.481,0.67,us,us6000a9ic,2020-06-10T20:23:21.040Z,"48 km NW of Luwuk, Indonesia",earthquake,5.2,5.1,0.081,49,reviewed,us,us
2020-06-10T19:58:49.927Z,-15.8354,-13.0543,10,6,mww,,37,7.033,1.57,us,us6000a9ik,2020-06-11T20:02:36.364Z,"785 km W of Jamestown, Saint Helena",earthquake,9.9,1.8,0.061,26,reviewed,us,us
2020-06-10T09:25:29.586Z,-7.6495,130.2421,35,4.6,mb,,79,1.098,0.4,us,us6000a97v,2020-06-10T09:42:43.040Z,"356 km SW of Tual, Indonesia",earthquake,6.3,2,0.105,27,reviewed,us,us
2020-06-10T06:00:16.860Z,-21.511,-68.4525,128.84,4.5,mb,,36,0.787,1.01,us,us6000a953,2020-06-10T09:20:14.040Z,"115 km NNE of Calama, Chile",earthquake,7,6.3,0.164,16,reviewed,us,us
2020-06-10T04:35:18.713Z,-2.5647,101.1531,39.28,5,mww,,31,2.533,0.97,us,us6000a93q,2020-06-10T23:44:09.997Z,"62 km SSW of Sungai Penuh, Indonesia",earthquake,7.2,4.7,0.098,10,reviewed,us,us
2020-06-10T04:29:20.284Z,-23.5082,179.2241,539.4,5.9,mww,,22,5.838,0.73,us,us6000a93j,2020-06-11T04:31:44.627Z,"599 km S of Suva, Fiji",earthquake,9.4,3.9,0.059,28,reviewed,us,us
2020-06-10T03:55:04.291Z,-6.5723,129.8077,138.93,4.9,mb,,48,2.037,0.54,us,us6000a931,2020-06-10T20:57:39.040Z,"342 km WSW of Tual, Indonesia",earthquake,8,6.8,0.093,36,reviewed,us,us
2020-06-10T03:24:23.967Z,37.2706,20.4734,10,4.5,mb,,148,1.162,0.64,us,us6000a92u,2020-06-10T20:50:57.040Z,"58 km SSW of Lithakiá, Greece",earthquake,5.1,1.8,0.092,35,reviewed,us,us
2020-06-09T23:58:49.102Z,-21.537,-66.8437,223.12,4.5,mb,,80,1.874,0.98,us,us6000a8zy,2020-06-10T00:16:30.040Z,"92 km SW of Atocha, Bolivia",earthquake,11.6,8.7,0.066,68,reviewed,us,us
2020-06-09T20:47:35.948Z,14.2048,91.6456,29.98,4.6,mb,,54,2.75,0.73,us,us6000a8x5,2020-06-09T21:50:16.040Z,"300 km NNW of Bamboo Flat, India",earthquake,7.3,4.5,0.066,75,reviewed,us,us
2020-06-09T18:18:30.719Z,-5.0106,145.3951,71.45,4.6,mb,,50,3.543,0.92,us,us6000a8r0,2020-06-09T19:15:47.040Z,"49 km WNW of Madang, Papua New Guinea",earthquake,7.3,7.2,0.055,112,reviewed,us,us
2020-06-09T17:18:14.057Z,27.7105,53.4265,10,5.8,mww,,21,3.714,0.84,us,us6000a8nh,2020-06-12T13:38:40.136Z,"56 km ENE of Mohr, Iran",earthquake,5,1.8,0.05,38,reviewed,us,us
2020-06-09T16:09:29.886Z,-40.3315,173.782,130.28,4.5,ml,,174,0.936,0.44,us,us6000a8ls,2020-06-09T20:21:01.539Z,"87 km SW of Patea, New Zealand",earthquake,5.4,10.5,0.077,22,reviewed,us,us
2020-06-09T16:08:50.945Z,27.7722,53.3448,10,5.5,mww,,73,3.808,0.66,us,us6000a8lw,2020-06-11T15:26:55.107Z,"51 km ENE of Mohr, Iran",earthquake,7.6,1.9,0.052,36,reviewed,us,us
2020-06-09T15:22:39.406Z,33.2727,133.3763,15.42,4.8,mb,,83,0.619,0.54,us,us6000a8k6,2020-06-10T12:04:12.239Z,"15 km SSE of Susaki, Japan",earthquake,4.2,4.2,0.075,55,reviewed,us,us
2020-06-09T10:45:07.414Z,54.2573,-161.3225,35,4.6,mb,,162,1.161,0.86,us,us6000a8fe,2020-06-15T20:15:05.958Z,"110 km SE of King Cove, Alaska",earthquake,7.1,2,0.046,144,reviewed,us,us
2020-06-09T04:56:10.403Z,-4.2115,126.4018,10,5.6,mww,,32,4.802,0.75,us,us6000a89s,2020-06-10T04:58:09.071Z,"205 km WSW of Ambon, Indonesia",earthquake,6.2,1.8,0.048,42,reviewed,us,us
2020-06-09T02:25:39.455Z,37.2013,142.1603,35,4.5,mb,,117,1.855,0.51,us,us6000a87s,2020-06-09T22:00:21.040Z,"107 km ESE of Namie, Japan",earthquake,6.2,1.9,0.063,74,reviewed,us,us
2020-06-09T00:04:47.500Z,-56.3867,-25.3255,10,4.9,mb,,196,6.708,0.55,us,us6000a869,2020-06-09T00:19:32.040Z,"2357 km SSW of Edinburgh of the Seven Seas, Saint Helena",earthquake,8.7,2,0.123,21,reviewed,us,us
2020-06-08T19:32:50.415Z,-44.5714,-80.1703,10,4.7,mb,,188,5.841,0.99,us,us6000a80s,2020-06-08T20:55:47.040Z,"551 km WSW of Quellón, Chile",earthquake,5.1,2,0.104,28,reviewed,us,us
2020-06-08T19:03:30.646Z,-17.8572,-178.14,527.36,4.9,mb,,42,3.529,1.25,us,us6000a7zy,2020-06-08T19:22:25.040Z,"270 km E of Levuka, Fiji",earthquake,10.9,7.6,0.034,267,reviewed,us,us
2020-06-08T15:28:49.748Z,-23.5991,69.7237,10,4.5,mb,,173,32.505,0.29,us,us6000aawq,2020-06-15T15:28:43.040Z,"783 km ESE of Port Mathurin, Mauritius",earthquake,20.5,1.9,0.27,6,reviewed,us,us
2020-06-08T15:21:51.813Z,41.5268,19.5919,3.74,4.7,mb,,36,0.935,0.75,us,us6000a7vx,2020-06-15T15:19:47.040Z,"10 km SW of Mamurras, Albania",earthquake,4.4,4.4,0.063,75,reviewed,us,us
2020-06-08T13:46:30.604Z,-9.2671,123.0603,94.18,4.6,mb,,80,1.026,0.88,us,us6000a7uf,2020-06-15T13:41:56.040Z,"86 km WNW of Naisano Dua, Indonesia",earthquake,6.9,5.8,0.084,43,reviewed,us,us
2020-06-08T06:05:43.321Z,13.2668,-90.9856,35.28,4.6,mb,,173,1.427,0.83,us,us6000a7re,2020-06-08T06:37:07.040Z,"75 km SSW of Puerto San José, Guatemala",earthquake,7,8.1,0.034,261,reviewed,us,us
2020-06-08T03:24:05.884Z,38.2059,-117.7912,5.2,4.8,ml,32,32.66,0.041,0.174,nn,nn00744961,2020-06-14T05:23:32.103Z,"34 km SE of Mina, Nevada",earthquake,,1.1,0.46,9,reviewed,nn,nn
2020-06-08T02:34:35.678Z,-0.4038,124.2173,97.93,5,mww,,43,1.578,1.35,us,us6000a7ph,2020-06-08T02:58:08.040Z,"165 km SE of Gorontalo, Indonesia",earthquake,7.4,5.6,0.093,11,reviewed,us,us
2020-06-07T21:26:32.017Z,-23.2486,-68.5146,120.11,4.5,mb,,39,0.427,0.73,us,us6000a7lu,2020-06-15T01:18:15.040Z,"49 km SW of San Pedro de Atacama, Chile",earthquake,4.6,4.2,0.151,13,reviewed,us,us
2020-06-07T20:06:38.995Z,-5.3634,151.6639,52.84,5.9,mww,,53,1.266,1.25,us,us6000a7kv,2020-06-08T20:08:29.504Z,"131 km SSW of Kokopo, Papua New Guinea",earthquake,6.9,6.2,0.055,32,reviewed,us,us
2020-06-07T19:40:40.091Z,-17.0363,167.9894,10,4.8,mb,,128,1.751,1.28,us,us6000a7kq,2020-06-07T19:59:07.040Z,"84 km NNW of Port-Vila, Vanuatu",earthquake,8.8,1.9,0.072,59,reviewed,us,us
2020-06-07T15:58:28.637Z,-15.3527,-173.249,10,4.8,mb,,129,4.824,0.88,us,us6000aaqr,2020-06-14T20:41:10.040Z,"88 km NE of Hihifo, Tonga",earthquake,9.3,1.8,0.149,19,reviewed,us,us
2020-06-07T15:14:20.464Z,9.3203,92.7019,35,4.5,mb,,182,5.852,0.66,us,us6000aaqq,2020-06-14T19:54:35.040Z,"259 km S of Port Blair, India",earthquake,12.8,2,0.205,10,reviewed,us,us
2020-06-07T15:12:00.752Z,12.7453,47.6832,10,4.6,mb,,40,4.881,1.25,us,us6000a7iu,2020-06-14T19:43:28.040Z,"184 km NNW of Las Khorey, Somalia",earthquake,7.1,1.9,0.075,54,reviewed,us,us
2020-06-07T14:43:24.692Z,-10.6616,166.1203,21.91,5.7,mww,,61,4.872,0.85,us,us6000a7ig,2020-06-14T19:41:28.398Z,"36 km ENE of Lata, Solomon Islands",earthquake,8.9,4.2,0.063,24,reviewed,us,us
2020-06-07T14:36:56.966Z,-10.685,166.142,13,5.7,mww,,41,4.845,1.37,us,us6000a7ic,2020-06-14T19:33:29.834Z,"37 km E of Lata, Solomon Islands",earthquake,7,1.8,0.051,37,reviewed,us,us
2020-06-07T14:09:25.719Z,9.5205,126.7611,10,4.8,mww,,111,2.701,0.67,us,us6000a7i4,2020-06-14T19:17:57.040Z,"68 km ENE of Cortes, Philippines",earthquake,8.2,1.3,0.098,10,reviewed,us,us
2020-06-07T13:15:15.150Z,-60.3578,-47.5592,10,4.8,mb,,49,5.405,0.74,us,us6000aaqp,2020-06-14T18:47:16.040Z,"1339 km ESE of Tolhuin, Argentina",earthquake,4.1,1.8,0.149,16,reviewed,us,us
2020-06-07T10:31:18.991Z,-3.9849,-76.9175,105.17,5.4,mww,,77,3.597,0.69,us,us6000a7gb,2020-06-08T14:11:43.985Z,"97 km NNW of Barranca, Peru",earthquake,7.8,4.7,0.055,32,reviewed,us,us
2020-06-07T09:00:04.212Z,56.8678,162.6734,10,4.5,mb,,61,4.496,0.65,us,us6000a7fp,2020-06-07T09:13:50.040Z,"72 km N of Ust-Kamchatsk Staryy, Russia",earthquake,4.8,1.9,0.102,28,reviewed,us,us
2020-06-07T05:27:22.963Z,-9.6336,-78.5906,56.99,4.5,mb,,151,6.118,0.84,us,us6000a7ea,2020-06-07T07:25:49.147Z,"60 km S of Chimbote, Peru",earthquake,12.1,9.9,0.156,12,reviewed,us,us
2020-06-07T04:05:53.828Z,43.8338,147.9848,43.56,4.5,mb,,170,3.902,0.53,us,us6000a7cq,2020-06-07T04:23:19.040Z,"101 km E of Shikotan, Russia",earthquake,11.8,9.8,0.057,91,reviewed,us,us
2020-06-07T03:42:37.902Z,-16.7175,177.4254,10,5,mb,,72,1.184,1.23,us,us6000a7ci,2020-06-07T11:46:59.957Z,"94 km NNW of Ba, Fiji",earthquake,5.1,1.8,0.06,87,reviewed,us,us
2020-06-07T03:39:50.690Z,-23.7166,69.7845,10,5.1,mb,,76,38.65,1.12,us,us6000a7cs,2020-06-07T04:33:31.040Z,"795 km ESE of Port Mathurin, Mauritius",earthquake,4.9,1.8,0.075,57,reviewed,us,us
2020-06-07T03:00:19.860Z,-31.6349,-178.5277,35,4.7,mb,,166,2.437,0.91,us,us6000aaq8,2020-06-13T00:36:41.040Z,"782 km NE of Ngunguru, New Zealand",earthquake,10.3,1.9,0.13,18,reviewed,us,us
2020-06-07T01:49:23.105Z,24.0865,121.6789,11.8,4.8,mb,,76,0.116,0.98,us,us6000a7bq,2020-06-11T02:05:14.768Z,"14 km NNE of Hualien City, Taiwan",earthquake,5.6,4.8,0.048,137,reviewed,us,us
2020-06-07T01:48:22.060Z,11.7527,125.1205,70.27,4.5,mb,,100,25.155,1.06,us,us6000aaqd,2020-06-12T23:04:09.040Z,"10 km E of Wright, Philippines",earthquake,11.8,7.9,0.139,15,reviewed,us,us
2020-06-06T23:50:37.829Z,1.7045,97.1119,25.76,5.1,mb,,139,0.61,0.61,us,us6000a7ar,2020-06-07T00:07:49.040Z,"99 km SW of Singkil, Indonesia",earthquake,7.9,5.6,0.061,87,reviewed,us,us
2020-06-06T23:12:59.258Z,-16.8299,-173.3084,35,4.6,mb,,67,3.917,0.95,us,us6000a7at,2020-06-07T00:19:32.040Z,"110 km SSE of Hihifo, Tonga",earthquake,10.8,1.9,0.097,32,reviewed,us,us
2020-06-06T22:21:12.964Z,30.979,-41.1424,10,4.7,mb,,118,22.047,0.72,us,us6000a7a6,2020-06-06T23:10:53.040Z,"1299 km SW of Lajes das Flores, Portugal",earthquake,5,1.9,0.078,49,reviewed,us,us
2020-06-06T21:42:26.802Z,36.2404,-33.7974,10,4.6,mb,,87,6.792,0.44,us,us6000a79t,2020-06-06T22:42:32.040Z,"417 km SSW of Lajes das Flores, Portugal",earthquake,11.7,1.9,0.082,45,reviewed,us,us
2020-06-06T20:19:52.770Z,70.672,12.3737,10,4.5,mb,,46,4.628,0.7,us,us6000a78e,2020-06-06T22:09:17.040Z,"208 km NW of Andenes, Norway",earthquake,9.4,1.9,0.057,89,reviewed,us,us
2020-06-06T17:01:30.158Z,-4.3868,129.2443,37.75,4.5,mb,,71,3.334,0.65,us,us6000a76p,2020-06-06T18:09:14.040Z,"121 km SSE of Amahai, Indonesia",earthquake,6.4,8.2,0.088,42,reviewed,us,us
2020-06-06T16:52:52.928Z,-8.7036,156.5338,20.65,4.8,mb,,114,3.449,1.21,us,us6000a76n,2020-06-06T17:18:59.040Z,"74 km SSW of Gizo, Solomon Islands",earthquake,8.9,7.7,0.057,96,reviewed,us,us
2020-06-06T13:40:51.865Z,2.1976,128.6548,43.38,4.8,mb,,106,1.914,1,us,us6000a75r,2020-06-06T14:41:42.866Z,"88 km NE of Tobelo, Indonesia",earthquake,8.7,4.1,0.058,93,reviewed,us,us
2020-06-06T10:55:41.122Z,-16.6103,177.5356,10,5.7,mww,,94,1.231,0.76,us,us6000a74v,2020-06-07T10:57:33.380Z,"103 km N of Ba, Fiji",earthquake,6.9,1.8,0.056,31,reviewed,us,us
2020-06-06T08:36:57.763Z,-32.6009,-178.068,10,4.5,mb,,124,3.347,0.42,us,us6000a73a,2020-06-06T09:07:53.040Z,"733 km NE of Opotiki, New Zealand",earthquake,13.9,1.8,0.15,14,reviewed,us,us
2020-06-06T08:20:20.863Z,-4.5961,144.9632,71.78,4.6,mb,,60,5.251,0.36,us,us6000a72y,2020-06-06T08:41:27.040Z,"114 km NW of Madang, Papua New Guinea",earthquake,10.4,8.5,0.095,33,reviewed,us,us
2020-06-06T08:05:56.846Z,-57.7646,-25.2572,53.34,5.2,mb,,78,7.194,0.59,us,us6000a72v,2020-06-06T08:21:08.040Z,"2489 km SSW of Edinburgh of the Seven Seas, Saint Helena",earthquake,6,6.8,0.088,43,reviewed,us,us
2020-06-06T07:22:00.846Z,-22.0777,-179.5267,576.5,5,mww,,96,4.874,0.88,us,us6000a72i,2020-06-07T03:28:42.215Z,"458 km WSW of Haveluloto, Tonga",earthquake,11.2,7.7,0.098,10,reviewed,us,us
2020-06-06T05:03:05.804Z,-7.513,-13.6878,10,5.3,mb,,57,0.786,0.73,us,us6000a71c,2020-06-06T05:20:36.040Z,"92 km ENE of Georgetown, Saint Helena",earthquake,8.3,1.9,0.055,110,reviewed,us,us
2020-06-06T00:10:53.154Z,45,78.747,17.44,4.5,mwr,,43,2.511,0.63,us,us6000a6xx,2020-06-13T04:24:13.054Z,"19 km NNW of Tekeli, Kazakhstan",earthquake,5.7,3.8,0.069,20,reviewed,us,us
2020-06-05T21:27:10.443Z,54.0276,161.8307,35,4.9,mb,,111,2.148,0.67,us,us6000a6vx,2020-06-06T03:44:22.040Z,"221 km ESE of Milkovo, Russia",earthquake,7.8,1.9,0.029,372,reviewed,us,us
2020-06-05T21:22:04.178Z,45.231,-28.1953,10,4.7,mb,,150,16.656,0.74,us,us6000a6vw,2020-06-05T21:51:11.040Z,"682 km N of Santa Cruz da Graciosa, Portugal",earthquake,8.4,1.9,0.05,124,reviewed,us,us
2020-06-05T20:27:06.206Z,45.409,-27.8804,10,4.5,mb,,95,7.839,0.84,us,us6000a6v8,2020-06-05T22:13:03.040Z,"702 km N of Santa Cruz da Graciosa, Portugal",earthquake,11.1,1.9,0.057,91,reviewed,us,us
2020-06-05T18:06:21.751Z,38.2404,38.7592,10,5.2,mww,,29,0.913,0.82,us,us6000a6qw,2020-06-12T14:14:43.040Z,"25 km WSW of Do?anyol, Turkey",earthquake,4.3,1.6,0.057,30,reviewed,us,us
2020-06-05T16:26:03.623Z,81.3569,-3.7509,10,5,mww,,32,3.633,0.8,us,us6000a6n6,2020-06-06T14:01:14.040Z,"514 km WNW of Longyearbyen, Svalbard and Jan Mayen",earthquake,8,1.8,0.098,10,reviewed,us,us
2020-06-05T13:47:44.978Z,56.0295,-153.7995,25,4.5,ml,,,,0.54,ak,ak02077veadq,2020-06-12T17:51:35.112Z,"104 km SSE of Akhiok, Alaska",earthquake,,1,,,reviewed,ak,ak
2020-06-05T13:38:02.546Z,12.6918,120.942,37.59,5.1,mww,,68,7.216,1.25,us,us6000a6ih,2020-06-05T20:06:31.745Z,"6 km NE of Banos, Philippines",earthquake,7.7,5.5,0.093,11,reviewed,us,us
2020-06-05T13:26:18.035Z,7.0123,-33.5069,10,4.6,mb,,78,12.524,1.43,us,us6000a6if,2020-06-05T13:47:00.040Z,"1206 km N of Fernando de Noronha (Distrito Estadual), Brazil",earthquake,13.2,1.9,0.086,41,reviewed,us,us
2020-06-05T11:36:23.252Z,-17.7245,-174.6661,184.57,4.5,mb,,79,4.751,0.6,us,us6000a6g4,2020-06-05T12:05:44.040Z,"125 km NW of Neiafu, Tonga",earthquake,9.6,5.9,0.053,105,reviewed,us,us
2020-06-05T10:34:03.985Z,-8.757,158.6911,39.8,4.7,mb,,91,1.413,0.73,us,us6000a6fn,2020-06-05T13:03:56.040Z,"120 km SW of Buala, Solomon Islands",earthquake,8.8,6.6,0.051,117,reviewed,us,us
2020-06-05T06:19:39.393Z,-22.314,-175.6504,36.11,5.3,mww,,70,7.2,1.15,us,us6000a6cs,2020-06-05T22:18:30.044Z,"130 km SW of Ohonua, Tonga",earthquake,9.6,4.4,0.086,13,reviewed,us,us
2020-06-05T04:04:31.659Z,-6.3375,103.7151,43.32,5.1,mb,,83,2.104,0.72,us,us6000a6bz,2020-06-05T04:20:06.040Z,"198 km WSW of Bandar Lampung, Indonesia",earthquake,7.9,8,0.076,56,reviewed,us,us
2020-06-05T02:25:51.043Z,37.3166,20.5652,10,4.5,mb,,145,1.094,0.92,us,us6000a6ay,2020-06-05T03:08:28.040Z,"50 km SSW of Lithakiá, Greece",earthquake,6.4,1.9,0.121,20,reviewed,us,us
2020-06-05T02:02:52.525Z,-30.4525,-71.735,35,4.5,mwr,,97,0.855,0.91,us,us6000a6ae,2020-06-05T03:22:47.040Z,"54 km WNW of Ovalle, Chile",earthquake,4.4,1.8,,,reviewed,us,guc
2020-06-05T01:23:06.452Z,4.7112,95.3115,70.47,4.5,mb,,184,1.708,0.93,us,us6000a6ac,2020-06-05T02:59:18.040Z,"91 km S of Banda Aceh, Indonesia",earthquake,13.5,9.5,0.104,27,reviewed,us,us
2020-06-05T01:16:52.713Z,-21.1274,170.7323,146.33,4.7,mb,,195,2.543,0.44,us,us6000a69q,2020-06-05T01:35:36.040Z,"231 km SE of Isangel, Vanuatu",earthquake,13.4,10.9,0.129,18,reviewed,us,us
2020-06-04T23:40:05.060Z,-6.2099,142.451,10,4.6,mb,,75,4.063,0.66,us,us6000a68e,2020-06-12T03:24:41.040Z,"63 km WSW of Tari, Papua New Guinea",earthquake,7,1.7,0.075,54,reviewed,us,us
2020-06-04T13:12:32.172Z,1.2598,126.387,15.61,5,mb,,99,1.092,1.06,us,us6000a5wj,2020-06-04T13:27:10.040Z,"122 km WNW of Ternate, Indonesia",earthquake,7.9,5.3,0.096,35,reviewed,us,us
2020-06-04T12:36:45.996Z,12.6133,-87.8784,74.29,4.6,mb,,137,0.841,1.12,us,us6000a5w7,2020-06-04T14:32:29.523Z,"48 km WSW of Jiquilillo, Nicaragua",earthquake,6.5,7.1,0.035,237,reviewed,us,us
2020-06-04T11:21:52.317Z,-17.3832,167.9018,26.04,5.1,mb,,68,2.038,0.85,us,us6000a5vr,2020-06-04T11:41:51.040Z,"58 km NW of Port-Vila, Vanuatu",earthquake,7.7,5,0.096,35,reviewed,us,us
2020-06-04T08:49:39.782Z,2.9231,128.2477,106.86,6.4,mww,,20,2.311,0.99,us,us6000a5r3,2020-06-05T18:48:41.040Z,"134 km NNE of Tobelo, Indonesia",earthquake,7.3,5,0.062,25,reviewed,us,us
2020-06-04T04:56:11.469Z,-6.0149,153.5536,10,4.5,mb,,91,2.28,0.85,us,us6000a9vi,2020-06-15T01:15:10.040Z,"216 km W of Panguna, Papua New Guinea",earthquake,5.7,1.9,0.145,14,reviewed,us,us
2020-06-04T04:46:18.258Z,-15.6577,-13.0274,10,4.7,mb,,87,7.016,0.55,us,us6000a9vh,2020-06-15T00:37:40.040Z,"783 km W of Jamestown, Saint Helena",earthquake,10.3,1.8,0.13,18,reviewed,us,us
2020-06-04T02:08:21.692Z,12.7929,121.2725,10,4.6,mb,,110,1.341,0.64,us,us6000a9vd,2020-06-15T00:09:26.040Z,"19 km WNW of Masaguisi, Philippines",earthquake,12.8,1.9,0.128,18,reviewed,us,us
2020-06-04T01:32:11.140Z,35.6148333,-117.4281667,8.44,5.53,mw,85,45,0.0396,0.21,ci,ci39462536,2020-06-14T23:03:20.974Z,"17km S of Searles Valley, CA",earthquake,0.15,0.45,,6,reviewed,ci,ci
2020-06-04T01:16:39.781Z,-15.8092,-173.9284,10,4.9,mb,,74,5.013,0.63,us,us6000a5ld,2020-06-14T21:50:51.040Z,"21 km NW of Hihifo, Tonga",earthquake,12.1,1.8,0.096,34,reviewed,us,us
2020-06-03T23:40:53.650Z,-14.3488,-174.981,10,4.9,mb,,78,3.043,0.68,us,us6000a5kc,2020-06-04T00:11:19.040Z,"174 km SE of Mata-Utu, Wallis and Futuna",earthquake,3.6,1.9,0.095,35,reviewed,us,us
2020-06-03T22:30:55.310Z,5.5727,95.1264,10,4.6,mb,,127,1.844,0.79,us,us6000a5jq,2020-06-04T13:24:19.962Z,"23 km W of Banda Aceh, Indonesia",earthquake,8.1,1.9,0.084,42,reviewed,us,us
2020-06-03T21:18:31.433Z,13.4057,-44.9482,10,4.8,mb,,51,11.205,0.6,us,us6000a5he,2020-06-14T05:38:58.040Z,"1235 km NE of Rémire-Montjoly, French Guiana",earthquake,4.3,1.9,0.061,84,reviewed,us,us
2020-06-03T20:31:20.007Z,36.4761,140.659,59.62,4.9,mb,,118,1.974,0.64,us,us6000a5fq,2020-06-11T19:07:18.860Z,"8 km E of Funaishikawa, Japan",earthquake,7.5,5.2,0.032,299,reviewed,us,us
2020-06-03T17:47:50.051Z,-21.8343,-175.1366,35,4.5,mb,,196,5.602,0.63,us,us6000aa4r,2020-06-11T19:22:13.040Z,"58 km SSW of Ohonua, Tonga",earthquake,13.9,2,0.205,7,reviewed,us,us
2020-06-03T15:54:04.610Z,-7.0058,116.9276,639.88,5.7,mww,,24,3.111,1.02,us,usd000crm9,2020-06-15T22:30:45.011Z,"167 km NNW of Pototano, Indonesia",earthquake,7.7,2.8,0.056,31,reviewed,us,us
2020-06-03T13:52:18.582Z,12.3045,141.5002,38.46,4.7,mb,,119,3.523,0.55,us,us6000a56f,2020-06-05T14:06:11.040Z,"300 km NNE of Fais, Micronesia",earthquake,6.4,6.7,0.054,105,reviewed,us,us
2020-06-03T09:31:36.867Z,-24.6983,-176.5918,87.56,5.9,mww,,32,4.683,1.25,us,us6000a532,2020-06-04T09:33:35.049Z,"408 km SSW of Ohonua, Tonga",earthquake,8.7,4.9,0.098,10,reviewed,us,us
2020-06-03T09:03:29.868Z,34.3537,25.9018,10,5.2,mww,,64,1.249,0.9,us,us6000a52k,2020-06-03T09:18:33.040Z,"74 km SSE of Ierápetra, Greece",earthquake,7.2,1.9,0.089,12,reviewed,us,us
2020-06-03T08:16:53.963Z,33.4781,46.1547,10,4.9,mb,,76,1.673,1.22,us,us6000a50y,2020-06-03T16:31:33.104Z,"30 km SW of ?l?m, Iran",earthquake,7.6,1.9,0.061,84,reviewed,us,us
2020-06-03T07:50:34.124Z,-23.342,-68.6016,128.85,4.6,mb,,56,0.549,0.83,us,us6000a4zc,2020-06-03T08:20:45.887Z,"62 km SW of San Pedro de Atacama, Chile",earthquake,5.9,8.9,0.206,9,reviewed,us,us
2020-06-03T07:35:34.844Z,-23.2955,-68.4217,96.84,6.8,mww,,21,1.211,1.38,us,us6000a4yi,2020-06-04T18:15:29.267Z,"48 km SSW of San Pedro de Atacama, Chile",earthquake,6.4,4.7,0.05,39,reviewed,us,us
2020-06-03T07:30:36.952Z,23.051,-44.7411,10,4.6,mb,,157,17.342,1.33,us,us6000a4yr,2020-06-04T07:12:08.040Z,"1866 km ENE of Beauséjour, Guadeloupe",earthquake,14.7,1.9,0.062,78,reviewed,us,us
2020-06-03T06:58:26.468Z,4.6754,127.5457,118.96,4.8,mb,,77,3.881,0.9,us,us6000a4xx,2020-06-03T07:21:55.040Z,"240 km SE of Pondaguitan, Philippines",earthquake,10.4,3.6,0.052,117,reviewed,us,us
2020-06-03T05:39:58.504Z,10.8533,-86.4529,40.07,4.5,mb,,193,0.972,0.83,us,us6000a4we,2020-06-03T06:18:40.040Z,"77 km SW of San Juan del Sur, Nicaragua",earthquake,7.6,12.1,0.051,113,reviewed,us,us
2020-06-03T03:21:39.879Z,10.1591,-97.7931,10,4.8,mb,,82,7.398,0.78,us,us6000a4va,2020-06-12T04:49:51.040Z,"625 km SSW of Puerto Ángel, Mexico",earthquake,12.6,1.8,0.028,389,reviewed,us,us
2020-06-03T03:17:14.400Z,55.6306,164.6141,10,4.5,mb,,60,4.36,0.74,us,us6000a4v5,2020-06-12T04:41:30.040Z,"149 km ESE of Ust-Kamchatsk Staryy, Russia",earthquake,8.9,1.8,0.036,228,reviewed,us,us
2020-06-03T03:09:16.028Z,-24.1868,-179.9073,506.79,4.5,mb,,98,5.339,0.75,us,us6000aa4b,2020-06-14T21:04:33.040Z,"587 km SW of Haveluloto, Tonga",earthquake,14.4,4.8,0.124,19,reviewed,us,us
2020-06-02T16:37:39.457Z,2.0584,121.3877,10,4.5,mb,,62,1.119,0.58,us,us6000a8p7,2020-06-09T21:24:10.040Z,"251 km NW of Gorontalo, Indonesia",earthquake,7.4,1.8,0.092,35,reviewed,us,us
2020-06-02T15:42:06.155Z,-7.1855,155.0215,10,4.6,mb,,75,4.115,0.74,us,us6000a8p6,2020-06-09T20:40:58.040Z,"108 km SSW of Panguna, Papua New Guinea",earthquake,9.3,1.9,0.12,21,reviewed,us,us
2020-06-02T15:41:15.739Z,37.6364,144.5051,10,5,mww,,50,4.129,0.61,us,us6000a4g1,2020-06-09T20:26:15.040Z,"291 km SE of ?funato, Japan",earthquake,8.7,1.8,0.069,20,reviewed,us,us
2020-06-02T15:15:38.255Z,-7.3497,130.0329,61.93,4.6,mb,,89,1.403,0.71,us,us6000a4fg,2020-06-09T20:20:57.040Z,"355 km WSW of Tual, Indonesia",earthquake,7,7.3,0.084,42,reviewed,us,us
2020-06-02T12:48:39.284Z,-60.3649,-26.9848,35,4.9,mb,,201,17.773,0.9,us,us6000a4f0,2020-06-05T11:45:31.040Z,"2458 km E of Tolhuin, Argentina",earthquake,8.5,2,0.106,28,reviewed,us,us
2020-06-02T10:29:14.702Z,-17.3026,-69.3051,156.84,4.9,mb,,96,0.33,1.33,us,us6000a49q,2020-06-02T10:49:16.040Z,"78 km E of Chuquitira, Peru",earthquake,7.3,6.7,0.029,363,reviewed,us,us
2020-06-02T07:13:03.919Z,3.0529,127.9866,62.34,4.5,mb,,90,2.349,0.36,us,us6000a471,2020-06-02T07:53:44.040Z,"146 km N of Tobelo, Indonesia",earthquake,10.2,6.5,0.127,18,reviewed,us,us
2020-06-02T06:27:22.148Z,12.7592,145.1329,49.11,4.8,mb,,66,0.864,0.65,us,us6000a46p,2020-06-02T08:26:48.130Z,"70 km SE of Inarajan Village, Guam",earthquake,6.3,6.3,0.055,101,reviewed,us,us
2020-06-02T05:44:13.431Z,-4.6442,35.8718,10,4.6,mb,,137,3.138,0.82,us,us6000a4pm,2020-06-02T21:34:34.155Z,"29 km NNE of Kondoa, Tanzania",earthquake,5.8,1.9,0.109,25,reviewed,us,us
2020-06-02T04:44:51.013Z,-20.2246,67.6983,10,4.8,mb,,72,37.888,0.66,us,us6000a8p1,2020-06-11T02:48:43.040Z,"452 km E of Port Mathurin, Mauritius",earthquake,13.5,1.9,0.111,25,reviewed,us,us
2020-06-02T04:39:46.749Z,4.7585,-82.5941,10,4.5,mb,,167,6.817,0.74,us,us6000a45f,2020-06-03T01:07:03.040Z,"346 km SSW of Arenas, Panama",earthquake,6,1.9,0.086,39,reviewed,us,us
2020-06-02T03:20:24.536Z,-48.9775,124.9933,10,4.8,mb,,77,15.93,0.79,us,us6000a8np,2020-06-11T02:14:35.040Z,"1655 km SSE of Albany, Australia",earthquake,11.8,1.9,0.176,10,reviewed,us,us
2020-06-02T02:21:05.361Z,-33.686,56.9879,10,4.6,mb,,83,14.789,0.49,us,us6000a8nl,2020-06-10T02:44:07.040Z,"1363 km SE of Tôlanaro, Madagascar",earthquake,7.7,1.9,0.132,17,reviewed,us,us
2020-06-02T02:04:24.301Z,-18.9882,169.4991,250.34,5.1,mb,,80,2.837,0.51,us,us6000a438,2020-06-02T23:57:41.040Z,"65 km NNE of Isangel, Vanuatu",earthquake,8.5,5.7,0.034,280,reviewed,us,us
2020-06-02T01:56:25.695Z,-30.0207,-177.5094,35,4.5,mb,,99,0.855,0.69,us,us6000a8nv,2020-06-10T02:34:35.040Z,"971 km NE of Ngunguru, New Zealand",earthquake,5.1,2,0.181,9,reviewed,us,us
2020-06-02T01:44:10.755Z,23.7804,98.3563,14.39,4.6,mb,,107,2.732,0.37,us,us6000a42w,2020-06-02T23:17:48.040Z,"112 km NNE of Lashio, Myanmar",earthquake,9.1,4.5,0.111,24,reviewed,us,us
2020-06-02T01:07:37.867Z,-41.2742,-85.499,10,4.8,mb,,140,9.293,0.54,us,us6000a427,2020-06-02T22:40:07.040Z,"975 km W of Ancud, Chile",earthquake,11.4,1.9,0.052,113,reviewed,us,us
2020-06-02T01:02:28.188Z,-30.2982,-177.6373,35,4.7,mb,,143,1.079,0.62,us,us6000a8nk,2020-06-10T02:22:37.040Z,"941 km NE of Ngunguru, New Zealand",earthquake,10.4,2,0.166,11,reviewed,us,us
2020-06-02T00:59:59.809Z,38.318,141.5259,50,4.5,mb,,141,2.493,0.49,us,us6000a8nu,2020-06-15T22:39:20.040Z,"22 km ESE of Ishinomaki, Japan",earthquake,10.6,2,0.116,22,reviewed,us,us
2020-06-02T00:43:03.540Z,68.1333,116.0025,10,4.9,mb,,191,33.125,0.9,us,us6000a41h,2020-06-02T01:29:17.040Z,"152 km ESE of Olenyok, Russia",earthquake,13,2,0.128,19,reviewed,us,us
2020-06-02T00:30:35.717Z,-55.0887,-33.1373,10,5,mb,,185,2.105,0.64,us,us6000a418,2020-06-02T00:45:55.040Z,"2169 km ENE of Tolhuin, Argentina",earthquake,14.6,2,0.091,38,reviewed,us,us
2020-06-01T18:57:42.317Z,-15.0901,167.5619,115.5,4.8,mb,,111,0.495,1.1,us,us6000a3v4,2020-06-09T15:36:04.040Z,"52 km E of Port-Olry, Vanuatu",earthquake,6.5,4.7,0.087,41,reviewed,us,us
2020-06-01T18:49:14.535Z,-41.8407,85.5455,10,4.5,mb,,143,43.941,1.12,us,us6000a8e6,2020-06-09T16:19:03.040Z,"1453 km NE of Port-aux-Français, French Southern Territories",earthquake,12.3,1.8,0.172,10,reviewed,us,us
2020-06-01T16:00:40.229Z,48.8779,153.36,166.4,4.9,mww,,88,5.044,0.61,us,us6000a3qy,2020-06-09T19:09:04.040Z,"282 km SW of Severo-Kurilsk, Russia",earthquake,8.5,4.8,0.075,17,reviewed,us,us
2020-06-01T14:38:58.794Z,-57.0316,-122.9956,10,4.6,mb,,74,32.036,0.59,us,us6000a8e0,2020-06-09T14:39:53.040Z,"3255 km WNW of Puerto Natales, Chile",earthquake,7.3,1.9,0.172,12,reviewed,us,us
2020-06-01T14:08:05.473Z,-6.2769,130.8615,86.96,4.6,mb,,47,1.749,0.67,us,us6000a3p8,2020-06-09T13:34:38.040Z,"221 km WSW of Tual, Indonesia",earthquake,8.1,8.1,0.111,24,reviewed,us,us
2020-06-01T13:27:41.795Z,65.1552,145.972,10,4.6,mb,,50,3.594,0.9,us,us6000a3ns,2020-06-09T13:13:27.040Z,"145 km ENE of Ust-Nera, Russia",earthquake,6.9,1.8,0.043,161,reviewed,us,us
2020-06-01T11:18:26.801Z,30.5774,140.369,34.04,4.6,mb,,102,2.574,0.97,us,us6000a3m3,2020-06-01T12:12:43.040Z,"473 km SSE of Shimoda, Japan",earthquake,8.2,5.5,0.051,114,reviewed,us,us
2020-06-01T10:31:06.638Z,30.6638,140.2834,10,4.9,mb,,92,2.476,1.27,us,us6000a3ka,2020-06-01T11:21:15.040Z,"462 km SSE of Shimoda, Japan",earthquake,7,1.6,0.045,492,reviewed,us,us
2020-06-01T07:31:07.840Z,12.6076,144.5744,10,4.7,mb,,64,1.017,0.99,us,us6000a3hm,2020-06-02T06:10:47.942Z,"73 km S of Merizo Village, Guam",earthquake,8.9,1.9,0.08,47,reviewed,us,us
2020-06-01T01:06:43.690Z,-3.0358,129.9155,10,4.7,mb,,55,2.333,0.77,us,us6000a3e7,2020-06-09T23:14:28.688Z,"115 km ENE of Amahai, Indonesia",earthquake,6.1,1.8,0.08,47,reviewed,us,us
2020-06-01T01:00:35.647Z,12.9763,-88.565,70.46,4.7,mb,,85,1.531,1.1,us,us6000a3e1,2020-06-09T22:09:05.755Z,"34 km S of Puerto El Triunfo, El Salvador",earthquake,8.6,6.3,0.037,225,reviewed,us,us
2020-06-01T00:15:52.196Z,18.1976,147.1849,10,5,mww,,23,3.23,0.65,us,us6000a3df,2020-06-14T00:26:05.063Z,"363 km NNE of Saipan, Northern Mariana Islands",earthquake,7.4,1.5,0.083,14,reviewed,us,us
2020-05-31T23:59:02.332Z,27.7482,53.3229,10,5.1,mb,,20,3.804,0.68,us,us6000a3db,2020-06-06T21:57:40.424Z,"48 km ENE of Mohr, Iran",earthquake,7,1.7,0.03,367,reviewed,us,us
2020-05-31T23:25:43.527Z,-23.9243,-176.5608,128,5.8,mww,,30,5.438,1.04,us,us6000a3cn,2020-06-01T23:27:28.318Z,"331 km SSW of Ohonua, Tonga",earthquake,7.4,1.8,0.045,47,reviewed,us,us
2020-05-31T21:04:59.982Z,-17.3619,167.8782,35,4.5,mb,,142,4.1,0.66,us,us6000a6lj,2020-06-12T03:09:20.040Z,"62 km NW of Port-Vila, Vanuatu",earthquake,11.7,2,0.151,13,reviewed,us,us
2020-05-31T21:02:10.486Z,36.2374,140.4663,91.34,5.2,mww,,52,0.222,0.7,us,us6000a3az,2020-06-11T04:11:30.784Z,"6 km SE of Okunoya, Japan",earthquake,5.9,3.5,0.061,26,reviewed,us,us
2020-05-31T20:50:10.114Z,-17.5665,167.4068,34.99,4.5,mb,,206,3.938,0.65,us,us6000a3ay,2020-05-31T21:09:16.040Z,"98 km W of Port-Vila, Vanuatu",earthquake,10.6,9.3,0.15,13,reviewed,us,us
2020-05-31T13:03:58.927Z,10.8899,92.5217,8.42,4.7,mb,,65,0.791,0.61,us,us6000a6l9,2020-06-07T13:46:43.040Z,"89 km SSW of Port Blair, India",earthquake,4.1,4.6,0.13,24,reviewed,us,us
2020-05-31T11:11:45.070Z,-15.6275,168.2456,60.67,4.9,mb,,59,5.825,0.58,us,us6000a353,2020-05-31T11:38:58.040Z,"102 km ENE of Norsup, Vanuatu",earthquake,8.8,5.7,0.052,116,reviewed,us,us
2020-05-31T07:44:24.367Z,19.9577,-72.4539,10,4.7,mb,,62,1.467,1.15,us,us6000a33a,2020-05-31T13:21:38.517Z,"14 km NNE of Borgne, Haiti",earthquake,6.9,2,0.029,352,reviewed,us,us
2020-05-31T05:09:35.596Z,-15.2747,-70.663,153.41,6,mww,,59,2.566,1.29,us,us6000a316,2020-06-01T16:56:47.489Z,"32 km WNW of Lampa, Peru",earthquake,5.1,5.7,0.052,35,reviewed,us,us
2020-05-31T03:57:42.838Z,-10.0901,-76.2256,10,4.5,mb,,108,4.195,1.2,us,us6000a30l,2020-05-31T05:31:04.775Z,"5 km NNW of Ambo, Peru",earthquake,10,1.9,0.091,35,reviewed,us,us
2020-05-31T03:53:29.378Z,-22.0325,169.3531,10,4.5,mb,,131,1.346,0.55,us,us6000a6kw,2020-06-07T01:34:43.040Z,"161 km ESE of Tadine, New Caledonia",earthquake,6.1,1.9,0.171,10,reviewed,us,us
2020-05-31T03:05:22.218Z,-23.1166,-179.4057,530.59,4.5,mb,,101,5.851,0.76,us,us6000a2z6,2020-05-31T03:21:48.040Z,"484 km WSW of Haveluloto, Tonga",earthquake,12,6,0.072,57,reviewed,us,us
2020-05-31T01:42:42.320Z,-16.8275,-69.5589,198.32,4.5,mb,,123,0.761,0.81,us,us6000a6l3,2020-06-07T01:11:03.040Z,"62 km WSW of Desaguadero, Peru",earthquake,9.6,8,0.156,12,reviewed,us,us
2020-05-31T00:32:01.791Z,8.0384,-39.1271,10,5.2,mww,,24,13.739,0.55,us,us6000a2x7,2020-06-14T02:37:58.040Z,"1212 km N of Acaraú, Brazil",earthquake,6.9,1.8,0.06,27,reviewed,us,us
2020-05-30T23:44:09.337Z,-31.2281,-68.9781,105.62,4.5,mb,,44,0.404,0.84,us,us6000a2wa,2020-06-13T05:48:59.040Z,"42 km NNW of Villa Basilio Nievas, Argentina",earthquake,5.3,4.7,0.08,46,reviewed,us,us
2020-05-30T22:36:59.603Z,-19.1592,-175.4985,199.46,4.6,mb,,90,5.268,0.71,us,us6000a2vi,2020-06-13T05:02:01.040Z,"140 km WNW of Pangai, Tonga",earthquake,10.1,6.4,0.083,43,reviewed,us,us
2020-05-30T18:49:28.919Z,-18.2911,-177.7339,611.04,4.7,mb,,75,3.978,1.13,us,us6000a2t4,2020-05-30T19:04:33.040Z,"313 km E of Levuka, Fiji",earthquake,11.4,8.3,0.063,82,reviewed,us,us
2020-05-30T18:21:57.484Z,35.5767,26.7664,19.08,4.6,mwr,,68,0.323,1.06,us,us6000a2s4,2020-05-30T18:45:04.040Z,"22 km NW of Fry, Greece",earthquake,4.1,2.4,0.078,16,reviewed,us,us
2020-05-30T18:13:47.856Z,42.4288,143.942,93.89,5.6,mww,,75,1.955,1.28,us,us6000a2rt,2020-05-31T18:18:45.690Z,"70 km SSW of Kushiro, Japan",earthquake,6.8,4.2,0.06,27,reviewed,us,us
2020-05-30T15:20:11.806Z,-16.9386,167.6017,10,4.6,mb,,255,4.536,1.38,us,us6000a6gu,2020-06-08T15:41:34.040Z,"94 km SSE of Lakatoro, Vanuatu",earthquake,10.9,2,0.206,7,reviewed,us,us
2020-05-30T14:15:18.217Z,8.1292,125.8281,10,4.6,mb,,107,1.081,0.77,us,us6000a2p2,2020-05-30T14:38:50.040Z,"6 km SSE of Santo Tomas, Philippines",earthquake,8.6,1.9,0.081,45,reviewed,us,us
2020-05-30T13:17:26.621Z,-60.787,-26.244,36.66,4.5,mb,,291,8.528,0.5,us,us6000a6gy,2020-06-08T15:29:46.040Z,"2497 km E of Tolhuin, Argentina",earthquake,15.8,19.8,0.132,17,reviewed,us,us
2020-05-30T13:06:24.679Z,4.0182,126.6166,31.09,5.5,mww,,45,3.202,1.38,us,us6000a2n5,2020-05-31T13:08:11.407Z,"199 km SE of Sarangani, Philippines",earthquake,6.7,3.5,0.055,32,reviewed,us,us
2020-05-30T13:02:30.344Z,24.0648,121.5873,18.66,4.5,mb,,86,0.108,0.42,us,us6000a2n6,2020-05-31T04:48:36.246Z,"9 km N of Hualien City, Taiwan",earthquake,3.8,2.1,0.074,53,reviewed,us,us
2020-05-30T12:40:08.228Z,-1.2602,-79.5659,106.41,4.7,mb,,155,8.014,0.65,us,us6000a2mq,2020-05-31T21:29:34.113Z,"23 km NNW of Ventanas, Ecuador",earthquake,12.4,8.7,0.065,72,reviewed,us,us
2020-05-30T11:01:35.234Z,52.9931,159.06,119.12,4.5,mb,,115,0.249,0.69,us,us6000a2kt,2020-05-30T11:30:46.463Z,"28 km ESE of Petropavlovsk-Kamchatsky, Russia",earthquake,8.9,5.3,0.034,261,reviewed,us,us
2020-05-30T07:02:01.818Z,-29.1575,-71.2771,63.13,4.5,mwr,,144,0.525,0.57,us,us6000a2he,2020-06-13T13:02:22.040Z,"81 km SW of Vallenar, Chile",earthquake,5.1,2.6,,,reviewed,us,guc
2020-05-30T03:51:48.798Z,25.9471,-44.9613,10,4.9,mb,,75,21.633,0.89,us,us6000a2dz,2020-05-30T04:19:56.040Z,"1967 km SW of Lajes das Flores, Portugal",earthquake,11.8,1.9,0.037,226,reviewed,us,us
2020-05-30T03:46:13.224Z,25.9306,-44.8952,10,4.6,mb,,117,30.855,0.83,us,us6000a2ds,2020-05-30T04:38:15.040Z,"1964 km SW of Lajes das Flores, Portugal",earthquake,8.4,1.9,0.044,158,reviewed,us,us
2020-05-30T03:34:02.752Z,25.8997,-44.929,10,4.7,mb,,103,21.961,0.96,us,us6000a6h8,2020-06-07T00:34:45.040Z,"1969 km SW of Lajes das Flores, Portugal",earthquake,13.2,1.9,0.067,68,reviewed,us,us
2020-05-30T03:32:58.370Z,25.895,-44.9914,10,4.6,mb,,103,21.075,1.33,us,us6000a6h7,2020-06-07T00:19:42.040Z,"1964 km ENE of Codrington, Antigua and Barbuda",earthquake,9.4,1.9,0.063,75,reviewed,us,us
2020-05-30T03:29:32.773Z,26.0042,-44.9876,10,5.4,mww,,75,20.838,0.73,us,us6000a2dg,2020-05-31T03:31:20.008Z,"1963 km SW of Lajes das Flores, Portugal",earthquake,10.8,1.8,0.078,16,reviewed,us,us
2020-05-30T03:21:53.013Z,26.0248,-44.9223,18.3,5.6,mww,,81,17.712,1.16,us,us6000a2de,2020-05-31T03:23:30.676Z,"1958 km SW of Lajes das Flores, Portugal",earthquake,11.4,4.9,0.083,14,reviewed,us,us
2020-05-30T03:06:20.411Z,-6.0964,152.3547,8.91,5.1,mww,,25,1.902,1.35,us,us6000a2cv,2020-05-31T03:08:21.004Z,"194 km S of Kokopo, Papua New Guinea",earthquake,8.6,3.3,0.068,21,reviewed,us,us
2020-05-29T22:54:05.067Z,25.0038,64.3475,10,4.6,mb,,137,7.389,0.72,us,us6000a298,2020-05-29T23:20:35.040Z,"37 km SW of Ormara, Pakistan",earthquake,8.6,1.9,0.048,130,reviewed,us,us
2020-05-29T20:24:41.249Z,-24.2147,-67.3181,205.94,4.6,mwr,,80,1.484,0.95,us,us6000a24m,2020-05-29T21:22:43.040Z,"101 km W of San Antonio de los Cobres, Argentina",earthquake,9.2,7.2,,,reviewed,us,guc
2020-05-29T20:14:52.169Z,-32.1434,-178.6516,14.51,5,mww,,75,2.955,1.36,us,us6000a24b,2020-05-29T21:17:27.871Z,"734 km NE of Whitianga, New Zealand",earthquake,11.2,3.9,0.093,11,reviewed,us,us
2020-05-29T16:32:55.274Z,-27.6644,-69.2336,116.16,4.9,mww,,33,0.83,1.34,us,us6000a1xu,2020-05-29T16:53:32.040Z,"113 km ESE of Copiapó, Chile",earthquake,5.8,5.1,0.086,13,reviewed,us,us
2020-05-29T16:13:19.416Z,-17.4335,167.5799,6.35,5,mww,,80,4.048,1.1,us,us6000a1xb,2020-05-29T16:40:08.040Z,"84 km WNW of Port-Vila, Vanuatu",earthquake,9.3,3.8,0.083,14,reviewed,us,us
2020-05-29T15:49:07.650Z,-15.9595,-173.686,17.15,4.7,mb,,89,4.587,0.87,us,us6000a6ef,2020-06-08T15:04:55.040Z,"11 km E of Hihifo, Tonga",earthquake,9.3,3.1,0.11,25,reviewed,us,us
2020-05-29T11:07:50.117Z,-17.4285,167.7139,10,5.3,mww,,80,4.042,0.97,us,us6000a1p9,2020-06-04T11:46:54.958Z,"72 km WNW of Port-Vila, Vanuatu",earthquake,10.4,1.8,0.069,20,reviewed,us,us
2020-05-29T10:10:32.801Z,-23.2776,-66.2501,216.37,4.8,mb,,36,1.805,1.17,us,us6000a1m5,2020-05-29T10:39:03.040Z,"58 km W of El Aguilar, Argentina",earthquake,7.5,7.1,0.027,439,reviewed,us,us
2020-05-29T10:05:18.152Z,36.1881,137.6872,10,5.1,mww,,94,0.549,1.2,us,us6000a1m1,2020-05-30T08:07:29.988Z,"22 km WSW of Toyoshina, Japan",earthquake,1.4,1.8,0.054,33,reviewed,us,us
2020-05-29T10:04:17.273Z,13.7232,-91.3379,35,4.8,mwr,,140,0.868,0.98,us,us6000a1m2,2020-05-29T12:41:16.524Z,"50 km SW of La Gomera, Guatemala",earthquake,7.8,2,0.098,10,reviewed,us,us
2020-05-29T08:03:32.921Z,30.5227,50.3681,10,4.5,mb,,66,6.023,0.83,us,us6000a1k1,2020-06-12T09:52:10.040Z,"14 km SE of Behbah?n, Iran",earthquake,7.6,1.9,0.095,32,reviewed,us,us
2020-05-29T06:23:30.003Z,-21.7902,-179.0583,596.5,5.2,mww,,53,4.857,0.85,us,us6000a1ja,2020-06-12T09:39:52.040Z,"404 km W of Haveluloto, Tonga",earthquake,11.8,7.1,0.098,10,reviewed,us,us
2020-05-29T03:43:08.223Z,46.0923,149.5868,165.56,4.9,mb,,133,4.79,1.09,us,us6000a1he,2020-05-29T04:00:46.040Z,"164 km NE of Kurilsk, Russia",earthquake,10.2,7.4,0.022,663,reviewed,us,us
2020-05-29T00:30:29.301Z,11.7257,92.3273,10,4.5,mb,,63,0.413,0.84,us,us6000a1f4,2020-05-29T00:52:40.040Z,"42 km W of Bamboo Flat, India",earthquake,4.4,1.9,0.092,35,reviewed,us,us
2020-05-29T00:29:50.606Z,-18.3291,-69.2638,140.78,4.6,mb,,76,0.231,0.28,us,us6000a6e2,2020-06-06T02:05:54.040Z,"101 km WSW of Curahuara de Carangas, Bolivia",earthquake,6,8.4,0.314,3,reviewed,us,us
2020-05-28T23:47:08.683Z,28.6629,-43.7542,10,4.7,mb,,89,17.727,0.73,us,us6000a1ei,2020-06-06T21:49:32.040Z,"1658 km SW of Lajes das Flores, Portugal",earthquake,10.8,1.8,0.028,373,reviewed,us,us
2020-05-28T23:42:49.983Z,43.0606,143.2851,108.36,4.5,mb,,75,1.171,0.74,us,us6000a1ec,2020-06-06T21:46:27.040Z,"10 km NE of Otofuke, Japan",earthquake,7.2,5.4,0.027,400,reviewed,us,us
2020-05-28T23:00:33.808Z,-0.6049,67.3846,10,4.6,mb,,132,5.715,0.82,us,us6000a1dp,2020-06-06T21:39:50.040Z,"634 km W of Hithadhoo, Maldives",earthquake,6,1.8,0.074,54,reviewed,us,us
2020-05-28T17:46:06.074Z,38.6824,142.4472,25.24,4.6,mb,,131,2.358,1.01,us,us6000a608,2020-06-05T17:38:54.040Z,"76 km SE of ?funato, Japan",earthquake,5.8,5.8,0.173,10,reviewed,us,us
2020-05-28T17:37:54.558Z,-17.2319,167.7292,10,4.6,mb,,227,4.236,1.15,us,us6000a606,2020-06-05T16:06:44.040Z,"83 km NW of Port-Vila, Vanuatu",earthquake,12.2,1.9,0.151,13,reviewed,us,us
2020-05-28T13:05:57.200Z,37.3229,20.52,10,4.7,mb,,136,1.13,1.14,us,us6000a10i,2020-06-08T14:08:55.040Z,"51 km SSW of Lithakiá, Greece",earthquake,6.1,1.9,0.166,11,reviewed,us,us
2020-05-28T12:54:24.868Z,-5.9393,147.6914,89,4.6,mb,,102,3.483,0.77,us,us6000a10g,2020-05-28T13:32:47.040Z,"70 km NNW of Finschhafen, Papua New Guinea",earthquake,8.6,7.9,0.073,55,reviewed,us,us
2020-05-28T12:20:16.113Z,-4.1911,142.6925,59.85,5,mb,,49,5.131,0.89,us,us6000a0yl,2020-05-28T12:37:20.755Z,"14 km WNW of Ambunti, Papua New Guinea",earthquake,8.9,7.2,0.094,36,reviewed,us,us
2020-05-28T09:46:46.493Z,-27.6755,-174.9043,10,5.8,mww,,178,3.088,1.19,us,us6000a0x5,2020-05-29T09:48:51.185Z,"702 km S of Ohonua, Tonga",earthquake,9.1,1.9,0.083,14,reviewed,us,us
2020-05-28T08:46:55.677Z,47.975,154.1438,57.37,4.6,mb,,115,5.616,0.65,us,us6000a0we,2020-05-28T14:58:40.040Z,"333 km SSW of Severo-Kurilsk, Russia",earthquake,8.2,5.7,0.031,314,reviewed,us,us
2020-05-28T08:37:57.879Z,-56.2715,-27.1608,62.28,5,mb,,111,5.691,0.9,us,us6000a0wa,2020-05-28T09:08:12.040Z,"2406 km SW of Edinburgh of the Seven Seas, Saint Helena",earthquake,11.7,6.5,0.068,69,reviewed,us,us
2020-05-28T07:41:38.480Z,-9.4897,155.984,10,5,mb,,47,6.487,0.7,us,us6000a0uz,2020-05-28T08:01:08.040Z,"180 km SSW of Gizo, Solomon Islands",earthquake,9.4,1.9,0.049,131,reviewed,us,us
2020-05-28T07:18:44.852Z,-22.236,-174.2851,10,5.9,mww,,21,5.15,1.3,us,us6000a0um,2020-06-02T12:12:33.634Z,"121 km SE of Ohonua, Tonga",earthquake,7.4,1.8,0.058,29,reviewed,us,us
2020-05-28T05:17:30.050Z,16.6253,120.4197,77.83,5.1,mww,,75,6.191,0.84,us,us6000a0t7,2020-05-31T20:19:48.568Z,"2 km NW of Bagulin, Philippines",earthquake,9.5,7,0.08,15,reviewed,us,us
2020-05-28T02:03:35.908Z,-5.8815,102.8475,35,4.7,mb,,71,1.514,0.63,us,us6000a5zm,2020-06-12T02:35:21.040Z,"210 km SSW of Pagar Alam, Indonesia",earthquake,8,1.9,0.159,12,reviewed,us,us
2020-05-28T01:40:33.229Z,-5.904,102.8051,10.02,4.7,mb,,115,1.54,0.72,us,us6000a0p6,2020-06-12T00:40:27.040Z,"213 km SSW of Pagar Alam, Indonesia",earthquake,7,3.8,0.083,44,reviewed,us,us
2020-05-28T01:26:10.518Z,-17.1508,168.4803,10,4.5,mb,,109,4.328,0.83,us,us6000a5zj,2020-06-12T00:30:27.040Z,"67 km NNE of Port-Vila, Vanuatu",earthquake,10.8,1.9,0.156,12,reviewed,us,us
2020-05-28T01:13:00.555Z,-17.1647,167.9772,35,4.6,mb,,148,4.293,0.89,us,us6000a5zi,2020-06-08T01:07:27.040Z,"72 km NNW of Port-Vila, Vanuatu",earthquake,7.5,2,0.136,16,reviewed,us,us
2020-05-28T00:14:55.066Z,-17.199,167.8801,10,4.6,mb,,198,4.261,0.64,us,us6000a5zf,2020-06-13T03:27:49.040Z,"75 km NW of Port-Vila, Vanuatu",earthquake,11.6,2,0.129,18,reviewed,us,us
2020-05-27T23:06:19.983Z,-6.1755,147.1648,78.86,4.9,mb,,45,3.208,1,us,us6000a0lf,2020-06-13T03:01:28.040Z,"63 km NNE of Lae, Papua New Guinea",earthquake,7.4,5.4,0.067,69,reviewed,us,us
2020-05-27T22:34:08.004Z,-17.1477,167.8707,10,4.7,mb,,82,4.313,0.62,us,us6000a0kn,2020-06-13T02:38:27.040Z,"80 km NW of Port-Vila, Vanuatu",earthquake,9.7,1.9,0.108,26,reviewed,us,us
2020-05-27T21:09:10.811Z,-23.7648,69.5742,10,5.4,mb,,49,16.494,0.61,us,us6000a0hj,2020-06-13T02:12:26.510Z,"780 km SE of Baie aux Huîtres, Mauritius",earthquake,5.3,1.7,0.049,144,reviewed,us,us
2020-05-27T19:45:54.932Z,12.8704,-44.886,10,4.6,mb,,79,10.867,0.87,us,us6000a0f5,2020-06-04T13:28:14.040Z,"1196 km NE of Rémire-Montjoly, French Guiana",earthquake,4.1,1.9,0.072,58,reviewed,us,us
2020-05-27T19:35:52.339Z,-6.2191,130.6945,129.14,4.9,mb,,32,1.851,0.88,us,us6000a0e8,2020-06-04T13:19:16.040Z,"237 km WSW of Tual, Indonesia",earthquake,6.8,4.1,0.056,101,reviewed,us,us
2020-05-27T19:01:48.803Z,-17.3524,167.518,10,4.9,mb,,67,4.135,0.78,us,us6000a0ef,2020-05-27T20:15:10.040Z,"94 km WNW of Port-Vila, Vanuatu",earthquake,5.5,1.8,0.11,26,reviewed,us,us
2020-05-27T15:47:26.843Z,-5.8434,102.9038,23.78,4.5,mb,,124,1.474,0.86,us,us6000a5uh,2020-06-05T00:53:40.040Z,"204 km S of Pagar Alam, Indonesia",earthquake,9,5,0.115,22,reviewed,us,us
2020-05-27T15:41:49.501Z,-17.9745,-178.5151,561.57,4.6,mb,,44,3.665,1.02,us,us6000a06q,2020-06-05T00:28:38.040Z,"229 km E of Levuka, Fiji",earthquake,10.7,6.5,0.036,231,reviewed,us,us
2020-05-27T10:11:55.860Z,-17.1299,167.6629,10,5,mb,,68,4.342,1.34,us,us60009zxu,2020-05-27T10:28:39.040Z,"96 km NW of Port-Vila, Vanuatu",earthquake,10.4,1.9,0.098,33,reviewed,us,us
2020-05-27T09:19:51.146Z,24.8132,125.4264,38.32,5.2,mww,,60,2.224,0.83,us,us60009zx7,2020-05-27T09:34:09.040Z,"12 km E of Hirara, Japan",earthquake,7.1,6.4,0.098,10,reviewed,us,us
2020-05-27T08:05:55.187Z,-17.2674,167.6097,30.44,5.1,mb,,66,4.21,1.08,us,us60009zwb,2020-05-27T14:54:32.186Z,"91 km NW of Port-Vila, Vanuatu",earthquake,7,5.4,0.062,84,reviewed,us,us
2020-05-27T07:46:53.408Z,5.0255,125.3261,183.57,4.9,mb,,42,2.046,1.3,us,us60009zvw,2020-05-27T08:01:20.040Z,"44 km SSW of Sarangani, Philippines",earthquake,5.4,7.2,0.091,38,reviewed,us,us
2020-05-27T07:09:10.686Z,-17.1569,167.8644,10,6.1,mww,,52,13.787,0.91,us,us60009zv5,2020-05-29T02:46:14.927Z,"79 km NW of Port-Vila, Vanuatu",earthquake,11.3,1.8,0.098,10,reviewed,us,us
2020-05-27T06:32:08.110Z,34.1372,141.3569,39.65,4.6,mb,,137,1.642,0.74,us,us60009zud,2020-05-27T06:49:27.040Z,"147 km SE of Katsuura, Japan",earthquake,7.7,7.7,0.042,170,reviewed,us,us
2020-05-27T02:55:07.008Z,-17.1186,167.8327,35,4.8,mb,,66,4.343,0.55,us,us60009zrt,2020-06-12T05:40:56.508Z,"85 km NW of Port-Vila, Vanuatu",earthquake,5.6,1.9,0.09,38,reviewed,us,us
2020-05-27T02:33:12.071Z,-24.5327,-116.1155,10,5.1,mb,,43,39.94,0.69,us,us60009zrg,2020-06-12T04:55:57.040Z,"730 km WNW of Hanga Roa, Chile",earthquake,12.2,1.8,0.052,118,reviewed,us,us
2020-05-27T01:09:52.972Z,34.2033,25.6403,11.41,5.1,mww,,27,1.246,0.64,us,us60009zq8,2020-06-12T03:05:32.040Z,"89 km S of Néa Anatolí, Greece",earthquake,6.2,3.6,0.048,42,reviewed,us,us
2020-05-26T23:12:01.119Z,-17.076,167.5479,10,4.9,mb,,65,1.653,0.96,us,us60009zmr,2020-06-03T00:50:21.135Z,"108 km S of Lakatoro, Vanuatu",earthquake,2.9,1.8,0.092,37,reviewed,us,us
2020-05-26T22:52:12.701Z,-17.035,167.7748,7.34,5.6,mww,,77,1.671,1.14,us,us60009zma,2020-06-03T00:48:32.287Z,"96 km NW of Port-Vila, Vanuatu",earthquake,7.3,2.6,0.044,49,reviewed,us,us
2020-05-26T15:35:16.347Z,26.8769,126.619,58.99,4.7,mb,,49,1.477,0.76,us,us6000a4iw,2020-06-03T18:16:48.040Z,"128 km NW of Naha, Japan",earthquake,6.6,7.5,0.123,20,reviewed,us,us
2020-05-26T14:00:24.641Z,-17.9999,-177.9885,558.12,4.5,mb,,86,3.673,0.67,us,us70009qny,2020-06-03T15:39:20.040Z,"285 km E of Levuka, Fiji",earthquake,11.5,5.9,0.078,49,reviewed,us,us
2020-05-26T13:53:32.115Z,34.1216,25.6141,10,4.5,mb,,116,1.307,0.58,us,us70009qni,2020-06-03T15:34:34.040Z,"98 km S of Néa Anatolí, Greece",earthquake,5,1.9,0.059,83,reviewed,us,us
2020-05-26T13:11:09.598Z,6.4924,126.8718,67.67,4.5,mb,,93,1.406,0.52,us,us6000a4it,2020-06-03T14:50:25.040Z,"73 km SE of Bobon, Philippines",earthquake,8.5,8,0.135,16,reviewed,us,us
2020-05-26T12:34:50.931Z,29.1694,103.7641,10,4.5,mb,,84,8.71,0.68,us,us70009qly,2020-05-26T15:19:24.158Z,"35 km SW of Luocheng, China",earthquake,11.9,1.9,0.095,33,reviewed,us,us
2020-05-26T09:05:05.250Z,34.1939,141.4685,10,4.6,mb,,155,1.749,0.61,us,us70009qi7,2020-05-26T09:26:49.040Z,"149 km SE of Katsuura, Japan",earthquake,8.3,1.9,0.098,31,reviewed,us,us
2020-05-26T08:50:31.786Z,5.9179,-82.6396,10,4.5,mb,,170,2.567,0.95,us,us70009qhs,2020-05-26T09:09:10.040Z,"235 km S of Punta de Burica, Panama",earthquake,6.6,1.8,0.079,47,reviewed,us,us
2020-05-26T07:50:34.393Z,-22.2904,-67.3953,168.3,4.6,mb,,28,0.978,1.22,us,us70009qgk,2020-05-26T08:28:32.040Z,"107 km NE of San Pedro de Atacama, Chile",earthquake,7.7,7,0.033,264,reviewed,us,us
2020-05-26T07:32:49.140Z,48.2195,154.7781,35,4.5,mb,,106,5.235,1.05,us,us70009qgb,2020-06-15T16:56:43.040Z,"290 km SSW of Severo-Kurilsk, Russia",earthquake,8.3,1.9,0.047,134,reviewed,us,us
2020-05-26T06:24:13.555Z,46.5568,153.3749,39.8,4.8,mb,,136,7.128,1.23,us,us70009qfa,2020-05-26T06:39:52.040Z,"451 km ENE of Kurilsk, Russia",earthquake,9.8,5.1,0.028,399,reviewed,us,us
2020-05-26T05:57:58.463Z,34.1575,141.699,10,5.1,mww,,65,1.885,1.4,us,us70009qf0,2020-05-26T06:16:28.040Z,"167 km SE of Katsuura, Japan",earthquake,7,1.8,0.098,10,reviewed,us,us
2020-05-26T05:25:41.567Z,14.1915,146.9551,10,5.2,mb,,70,1.536,0.94,us,us70009qej,2020-06-14T05:35:54.303Z,"167 km ESE of San Jose Village, Northern Mariana Islands",earthquake,8.4,1.9,0.035,274,reviewed,us,us
2020-05-26T05:18:19.584Z,46.5273,153.5021,10,5.2,mb,,94,7.123,1.15,us,us70009qeb,2020-05-26T14:49:49.040Z,"459 km ENE of Kurilsk, Russia",earthquake,8.5,1.9,0.022,698,reviewed,us,us
2020-05-26T03:46:59.187Z,-22.5308,170.8826,10,4.7,mb,,122,2.845,0.47,us,us70009qcq,2020-05-26T23:09:03.040Z,"328 km ESE of Tadine, New Caledonia",earthquake,9.6,1.9,0.12,21,reviewed,us,us
2020-05-26T03:32:43.624Z,30.9919,140.2353,82.69,4.6,mb,,162,2.147,0.41,us,us70009qcp,2020-05-26T22:41:20.040Z,"426 km SSE of Shimoda, Japan",earthquake,10.3,8.4,0.051,113,reviewed,us,us
2020-05-26T02:18:29.757Z,31.1261,140.0135,100.37,4.6,mb,,123,1.99,0.44,us,us70009qbs,2020-05-26T21:09:12.040Z,"406 km SSE of Shimoda, Japan",earthquake,11.8,8,0.049,122,reviewed,us,us
2020-05-26T00:34:03.307Z,-40.4743,174.9796,53.39,4.9,mww,,36,0.492,1.03,us,us70009qa3,2020-06-15T22:35:53.926Z,"27 km W of Foxton, New Zealand",earthquake,4.4,3.9,0.098,10,reviewed,us,us
2020-05-25T23:22:25.879Z,12.5907,144.1847,12.59,5.3,mww,,19,1.195,0.64,us,us70009q8z,2020-06-13T23:32:33.599Z,"91 km SW of Merizo Village, Guam",earthquake,8.6,3.6,0.062,25,reviewed,us,us
2020-05-25T20:48:18.562Z,-20.7182,172.7197,10,4.8,mb,,120,4.443,1.23,us,us6000a4cx,2020-06-02T18:08:26.040Z,"382 km ESE of Isangel, Vanuatu",earthquake,11.7,1.9,0.103,29,reviewed,us,us
2020-05-25T19:38:12.630Z,30.2787,130.8599,12.82,4.5,mb,,102,1.275,1.06,us,us70009q5j,2020-06-02T16:24:13.040Z,"23 km ESE of Koseda, Japan",earthquake,6.5,4.8,0.081,45,reviewed,us,us
2020-05-25T16:46:04.918Z,-20.5677,172.5714,10,4.6,mb,,119,4.338,0.63,us,us6000a4cu,2020-06-03T13:22:42.040Z,"362 km ESE of Isangel, Vanuatu",earthquake,12.5,1.9,0.157,12,reviewed,us,us
2020-05-25T16:29:15.545Z,-23.8987,-177.3657,10,4.8,mb,,115,5.348,0.86,us,us6000a4cr,2020-06-02T21:16:14.040Z,"374 km SW of Vaini, Tonga",earthquake,9.5,1.8,0.131,22,reviewed,us,us
2020-05-25T16:24:15.420Z,-17.4005,65.4767,10,4.6,mb,,67,9.929,0.64,us,us6000a4d2,2020-06-02T20:58:43.040Z,"333 km NE of Port Mathurin, Mauritius",earthquake,9.3,1.9,0.158,12,reviewed,us,us
2020-05-25T14:43:15.428Z,-34.7848,-108.1595,10,4.6,mb,,77,7.678,0.54,us,us6000a4cq,2020-06-02T19:50:57.040Z,"854 km S of Hanga Roa, Chile",earthquake,13.1,1.9,0.125,21,reviewed,us,us
2020-05-25T14:42:17.176Z,24.3907,93.921,55.15,5.2,mb,,25,0.381,0.51,us,us70009q28,2020-06-02T19:17:42.402Z,"13 km SSW of Kakching, India",earthquake,5.9,4.4,0.038,230,reviewed,us,us
2020-05-25T14:06:45.559Z,-3.3101,-12.0803,10,4.8,mb,,140,5.122,0.39,us,us6000a4d4,2020-06-02T18:54:37.040Z,"572 km NNE of Georgetown, Saint Helena",earthquake,12,1.9,0.175,13,reviewed,us,us
2020-05-25T13:17:33.761Z,-24.2952,-66.9281,165.92,4.5,mb,,55,1.761,0.81,us,us70009q12,2020-06-02T18:38:26.040Z,"62 km W of San Antonio de los Cobres, Argentina",earthquake,8.2,5.8,0.057,89,reviewed,us,us
2020-05-25T10:08:11.583Z,4.9608,94.4496,48.36,4.5,mb,,166,2.502,0.69,us,us70009pzl,2020-06-15T16:53:13.040Z,"117 km WSW of Banda Aceh, Indonesia",earthquake,10.7,8.2,0.128,18,reviewed,us,us
2020-05-25T04:16:20.159Z,-20.8311,-178.4597,539.27,4.5,mb,,129,4.502,0.99,us,us6000a4ca,2020-06-03T00:23:44.040Z,"339 km W of Haveluloto, Tonga",earthquake,12.5,7.1,0.102,28,reviewed,us,us
2020-05-25T00:06:26.189Z,-20.5931,172.5224,10,5,mww,,73,4.288,0.64,us,us70009prs,2020-05-25T00:31:40.040Z,"358 km ESE of Isangel, Vanuatu",earthquake,9.3,1.8,0.098,10,reviewed,us,us
2020-05-24T23:25:18.921Z,-55.2671,-29.2693,10,5.1,mb,,72,4.294,0.54,us,us70009pql,2020-05-24T23:44:32.040Z,"2395 km SW of Edinburgh of the Seven Seas, Saint Helena",earthquake,5.6,1.9,0.065,78,reviewed,us,us
2020-05-24T22:31:29.798Z,24.3339,122.086,20.03,4.7,mww,,68,0.475,0.5,us,us70009ppi,2020-05-28T19:41:24.974Z,"57 km SE of Yilan, Taiwan",earthquake,4.6,4.3,0.093,11,reviewed,us,us
2020-05-24T22:23:37.408Z,-7.6267,150.4887,10,4.8,mb,,78,3.736,0.49,us,us70009ppg,2020-05-25T02:49:44.040Z,"188 km SSE of Kandrian, Papua New Guinea",earthquake,4.4,1.9,0.089,39,reviewed,us,us
2020-05-24T21:36:49.810Z,-5.4038,146.5635,128.66,4.5,mb,,80,4.018,0.88,us,us70009pnb,2020-06-02T03:42:30.040Z,"88 km ESE of Madang, Papua New Guinea",earthquake,8.6,5.4,0.069,62,reviewed,us,us
2020-05-24T21:10:24.702Z,-36.219,-97.0656,10,4.7,mb,,149,20.46,0.8,us,us70009pmn,2020-06-02T03:38:52.040Z,"1541 km SE of Hanga Roa, Chile",earthquake,13.6,1.9,0.078,50,reviewed,us,us
2020-05-24T19:53:32.900Z,-40.3929,174.966,51.89,5.6,mww,,62,0.538,0.84,us,us70009pku,2020-05-26T13:36:39.040Z,"29 km WNW of Foxton, New Zealand",earthquake,4.9,8.2,0.089,12,reviewed,us,us
2020-05-24T19:15:37.070Z,36.0067,70.9112,92.08,4.5,mb,,85,2.115,0.86,us,us70009pkj,2020-05-24T19:48:54.262Z,"65 km N of P?r?n, Afghanistan",earthquake,7.2,7.9,0.063,75,reviewed,us,us
2020-05-24T15:53:54.841Z,-22.8735,-176.1115,70.18,4.8,mb,,197,8.73,0.45,us,us6000a3lc,2020-06-01T19:07:45.040Z,"208 km SW of Ohonua, Tonga",earthquake,24.6,22.8,0.139,20,reviewed,us,us
2020-05-24T15:50:06.893Z,0.0865,-16.3612,10,4.9,mb,,66,8.212,0.67,us,us6000a3lb,2020-06-01T17:17:34.040Z,"912 km NNW of Georgetown, Saint Helena",earthquake,10.7,1.8,0.095,39,reviewed,us,us
2020-05-24T14:54:55.312Z,6.5791,126.6042,106.92,4.6,mb,,77,1.128,0.78,us,us70009phy,2020-06-01T16:36:22.040Z,"44 km SE of Bobon, Philippines",earthquake,3,6.2,0.06,83,reviewed,us,us
2020-05-24T14:28:09.740Z,-9.5289,156.1752,10,4.8,mb,,61,3.722,0.48,us,us6000a3lf,2020-06-01T14:54:41.040Z,"173 km SSW of Gizo, Solomon Islands",earthquake,9.8,1.9,0.124,23,reviewed,us,us
2020-05-24T12:22:03.507Z,2.7483,-76.5659,10,4.5,mb,,83,3.125,1.15,us,us70009pgm,2020-06-07T07:19:46.493Z,"6 km E of Morales, Colombia",earthquake,9.4,1.9,0.061,79,reviewed,us,us
2020-05-24T09:36:15.082Z,31.4029,140.1045,125.17,5.2,mww,,103,1.725,1.32,us,us70009pe7,2020-06-07T06:18:14.040Z,"378 km SSE of Shimoda, Japan",earthquake,5.1,5.2,0.058,29,reviewed,us,us
2020-05-24T09:11:28.667Z,30.3798,50.7639,10,4.9,mww,,47,6.352,0.6,us,us70009pe3,2020-06-07T06:05:51.546Z,"4 km NW of Dogonbadan, Iran",earthquake,7.3,1.8,0.093,11,reviewed,us,us
2020-05-24T07:11:43.223Z,-7.8579,107.9775,64.12,4.7,mb,,78,0.509,0.69,us,us70009pd2,2020-05-24T07:30:18.040Z,"57 km SSW of Singaparna, Indonesia",earthquake,8.1,6.2,0.075,54,reviewed,us,us
2020-05-24T03:52:22.490Z,14.6838,-93.7728,15.79,5.5,mww,,87,2.017,1.11,us,us70009pb6,2020-06-13T14:46:58.801Z,"107 km SW of La Esperanza (El Zapotal), Mexico",earthquake,4.8,3.6,0.042,55,reviewed,us,us
2020-05-24T03:43:39.878Z,-47.2746,-12.0968,10,4.6,mb,,112,16.889,0.63,us,us6000a3kz,2020-06-03T00:31:04.040Z,"1133 km S of Edinburgh of the Seven Seas, Saint Helena",earthquake,13.8,1.9,0.129,19,reviewed,us,us
2020-05-24T03:40:27.211Z,-23.4225,-179.9171,556.96,4.5,mb,,113,5.96,0.76,us,us6000a3ks,2020-06-03T00:25:30.040Z,"545 km WSW of Haveluloto, Tonga",earthquake,13.7,11.2,0.14,15,reviewed,us,us
2020-05-24T02:52:23.755Z,-47.4139,-12.2226,10,5.9,mww,,106,10.339,0.83,us,us70009pag,2020-05-26T14:00:01.040Z,"1149 km S of Edinburgh of the Seven Seas, Saint Helena",earthquake,10.5,1.8,0.089,12,reviewed,us,us
2020-05-24T00:27:56.406Z,-15.0553,66.6353,10,4.7,mb,,58,29.477,0.81,us,us6000a3kp,2020-06-12T02:28:42.040Z,"615 km NNE of Port Mathurin, Mauritius",earthquake,8.6,1.9,0.073,57,reviewed,us,us
2020-05-23T23:45:05.639Z,-14.8813,66.6858,10,4.9,mb,,58,34.539,0.5,us,us70009p9d,2020-06-12T01:46:14.040Z,"634 km NNE of Port Mathurin, Mauritius",earthquake,11.9,1.8,0.062,83,reviewed,us,us
2020-05-23T23:02:27.466Z,-14.815,66.697,10,5.6,mww,,42,14.95,0.62,us,us70009p8u,2020-06-12T01:15:04.764Z,"641 km NNE of Port Mathurin, Mauritius",earthquake,9.7,1.7,0.065,23,reviewed,us,us
2020-05-23T22:50:12.820Z,34.289,25.5138,15.97,5.3,mww,,17,1.121,0.68,us,us70009p8k,2020-06-10T23:06:11.418Z,"81 km S of Néa Anatolí, Greece",earthquake,6.2,3.2,0.068,21,reviewed,us,us
2020-05-23T16:52:26.934Z,-18.5509,169.0435,214.31,4.8,mb,,76,3.066,0.74,us,us70009p5e,2020-05-23T17:06:10.040Z,"112 km NNW of Isangel, Vanuatu",earthquake,8.8,4.1,0.131,18,reviewed,us,us
2020-05-23T13:10:59.984Z,-33.5218,-69.8723,127.45,5.2,mww,,90,0.247,0.59,us,us70009p3k,2020-05-25T12:18:46.508Z,"66 km E of Puente Alto, Chile",earthquake,5.8,5.8,0.078,16,reviewed,us,us
2020-05-23T09:11:36.833Z,14.0613,94.01,74.02,4.7,mb,,78,2.691,0.5,us,us70009p1y,2020-05-23T09:38:56.040Z,"288 km SSW of Bogale, Myanmar",earthquake,9.3,1.6,0.096,33,reviewed,us,us
2020-05-23T08:56:56.315Z,14.8219,-93.7088,35,4.6,mb,,180,0.997,0.77,us,us70009p1s,2020-06-04T12:58:38.040Z,"90 km SW of La Esperanza (El Zapotal), Mexico",earthquake,7.5,2,0.079,47,reviewed,us,us
2020-05-23T07:42:47.987Z,33.6525,137.2027,356.6,4.8,mww,,80,1.306,0.76,us,us70009p16,2020-06-04T12:29:28.639Z,"97 km SSE of Toba, Japan",earthquake,8.8,6.5,0.098,10,reviewed,us,us
2020-05-23T07:17:24.621Z,-24.2544,-67.134,186.38,4.6,mwr,,166,1.612,0.78,us,us70009p0x,2020-06-04T12:24:36.040Z,"82 km W of San Antonio de los Cobres, Argentina",earthquake,10.8,8.4,,,reviewed,us,guc
2020-05-23T06:23:16.318Z,-15.5267,-172.8619,10,4.6,mb,,95,4.507,1,us,us70009p0u,2020-06-04T12:08:36.040Z,"110 km ENE of Hihifo, Tonga",earthquake,11.5,1.9,0.122,20,reviewed,us,us
2020-05-23T05:42:52.266Z,12.4401,143.9311,19.42,4.7,mb,,96,1.462,0.71,us,us6000a1uh,2020-06-04T11:51:57.040Z,"121 km SW of Merizo Village, Guam",earthquake,5.7,5.4,0.11,25,reviewed,us,us
2020-05-23T05:10:24.451Z,6.4604,127.3169,10,4.6,mb,,135,5.651,0.8,us,us6000a1ug,2020-06-04T11:45:27.040Z,"116 km SE of Tarragona, Philippines",earthquake,10.6,1.9,0.132,17,reviewed,us,us
2020-05-23T04:19:41.922Z,-19.1411,-172.3488,10,4.9,mb,,124,9.215,0.82,us,us70009nyt,2020-05-23T05:25:31.040Z,"180 km ESE of Neiafu, Tonga",earthquake,10.6,1.9,0.119,23,reviewed,us,us
2020-05-23T02:14:51.479Z,50.428,-129.5094,10,5.2,mww,,89,0.903,1.08,us,us70009nx6,2020-05-23T21:58:10.448Z,"295 km WNW of Tofino, Canada",earthquake,2.1,1.8,0.046,46,reviewed,us,us
2020-05-23T02:10:27.730Z,15.6098,121.6175,47.68,5,mww,,100,7.188,0.97,us,us70009nx5,2020-05-28T05:35:30.746Z,"17 km SSE of Suklayin, Philippines",earthquake,9.3,6.6,0.098,10,reviewed,us,us
2020-05-23T00:43:56.892Z,-30.2836,-177.7199,10,4.6,mb,,188,1.05,0.82,us,us6000a1ub,2020-05-30T03:42:40.040Z,"936 km NE of Ngunguru, New Zealand",earthquake,5.2,1.9,0.152,13,reviewed,us,us
2020-05-23T00:13:37.578Z,-7.1438,129.1189,120.87,5.3,mww,,16,2.316,1.38,us,us70009nva,2020-05-30T04:47:58.040Z,"279 km ENE of Lospalos, Timor Leste",earthquake,4.1,3.7,0.057,30,reviewed,us,us
2020-05-22T23:04:52.888Z,-33.9216,56.3298,10,4.9,mb,,101,12.071,0.37,us,us6000a1th,2020-05-30T03:23:28.040Z,"1337 km SE of Tôlanaro, Madagascar",earthquake,13.5,1.9,0.211,7,reviewed,us,us
2020-05-22T22:36:52.865Z,-2.4966,99.5207,10,5.1,mb,,174,3.188,0.76,us,us70009nuc,2020-05-22T22:54:43.040Z,"194 km SSW of Padang, Indonesia",earthquake,8.7,1.5,0.062,83,reviewed,us,us
2020-05-22T19:33:06.887Z,27.3165,128.3798,46.41,5,mww,,71,0.488,0.96,us,us70009npa,2020-06-13T16:05:46.474Z,"87 km NNE of Nago, Japan",earthquake,6.2,5.3,0.061,26,reviewed,us,us
2020-05-22T19:06:29.392Z,-6.4236,154.5466,10,4.8,mb,,63,3.247,0.81,us,us70009nnw,2020-05-23T17:11:09.040Z,"104 km W of Panguna, Papua New Guinea",earthquake,4.7,1.9,0.058,96,reviewed,us,us
2020-05-22T18:38:21.616Z,32.8641,85.5101,38.61,4.6,mb,,40,5.016,0.61,us,us70009nnf,2020-05-23T17:00:30.040Z,"393 km N of Saga, China",earthquake,8.5,6.8,0.055,105,reviewed,us,us
2020-05-22T14:59:31.266Z,-23.0098,-68.9396,80.13,4.9,mb,,72,1.174,0.75,us,us70009ng1,2020-05-22T15:17:45.040Z,"61 km S of Calama, Chile",earthquake,7.1,7.1,0.05,124,reviewed,us,us
2020-05-22T11:11:47.920Z,27.3849,128.3883,53.98,4.6,mb,,128,0.556,0.4,us,us70009nb1,2020-05-30T06:05:37.040Z,"94 km NNE of Nago, Japan",earthquake,3.8,5.4,0.072,57,reviewed,us,us
2020-05-22T08:46:06.973Z,22.4152,-108.1275,10,6.1,mww,,151,2.097,0.7,us,us70009n5p,2020-06-04T11:29:41.033Z,"173 km ESE of La Playa, Mexico",earthquake,5.5,1.7,0.032,91,reviewed,us,us
2020-05-22T08:04:49.915Z,-55.7786,-30.2633,10,4.6,mb,,107,3.882,0.65,us,us6000a1sr,2020-06-04T11:01:12.040Z,"2331 km ENE of Tolhuin, Argentina",earthquake,5.6,1.9,0.132,17,reviewed,us,us
2020-05-22T07:05:23.671Z,3.5468,126.819,50.12,4.6,mb,,106,2.81,0.71,us,us70009n40,2020-06-04T10:30:37.040Z,"240 km NNW of Tobelo, Indonesia",earthquake,7.2,8.3,0.116,22,reviewed,us,us
2020-05-22T07:04:02.924Z,-29.8446,-177.5833,22.65,4.8,mb,,117,0.669,0.64,us,us6000a1sq,2020-06-04T10:34:23.040Z,"979 km SSW of Ohonua, Tonga",earthquake,10.5,6.3,0.122,21,reviewed,us,us
2020-05-22T06:28:09.304Z,3.5555,126.9191,45.75,4.8,mb,,108,2.801,0.81,us,us70009n2u,2020-06-04T10:02:19.040Z,"235 km NNW of Tobelo, Indonesia",earthquake,9.4,8.1,0.097,33,reviewed,us,us
2020-05-22T04:52:50.940Z,-31.3374,-67.3962,10,4.7,mb,,147,1.12,0.24,us,us70009n0t,2020-05-22T05:27:48.040Z,"78 km S of San Agustín de Valle Fértil, Argentina",earthquake,6.5,1.9,0.166,11,reviewed,us,us
2020-05-22T03:40:30.702Z,34.5007,25.8881,10,5.1,mww,,63,1.135,0.88,us,us70009n06,2020-05-22T03:58:02.040Z,"58 km SSE of Ierápetra, Greece",earthquake,4.1,1.9,0.093,11,reviewed,us,us
2020-05-22T03:36:57.817Z,37.9093,69.4832,10,4.6,mb,,79,0.334,1.07,us,us70009n04,2020-05-24T22:54:56.015Z,"17 km SSW of Sovet, Tajikistan",earthquake,5.9,2,0.181,9,reviewed,us,us
2020-05-22T02:40:43.481Z,-7.72,156.8214,35,4.6,mb,,113,3.531,1.03,us,us6000a1sh,2020-05-29T21:25:53.040Z,"42 km N of Gizo, Solomon Islands",earthquake,10,2,0.164,11,reviewed,us,us
2020-05-22T00:51:02.219Z,-24.6346,69.8957,10,4.7,mb,,76,13.493,0.88,us,us6000a1sf,2020-05-30T02:33:17.040Z,"864 km SE of Baie aux Huîtres, Mauritius",earthquake,11.7,1.8,0.09,37,reviewed,us,us
2020-05-22T00:22:00.588Z,38.2309,-117.7939,7.2,5.1,ml,31,47.16,0.092,0.1378,nn,nn00730721,2020-06-12T07:31:28.080Z,"32 km ESE of Mina, Nevada",earthquake,,1.4,0.44,11,reviewed,nn,nn
2020-05-21T23:00:43.197Z,-4.1119,152.8625,14.88,4.7,mb,,53,0.701,0.82,us,us70009mw1,2020-05-21T23:25:44.040Z,"70 km ENE of Kokopo, Papua New Guinea",earthquake,5.8,1.8,0.108,26,reviewed,us,us
2020-05-21T22:46:32.531Z,18.6334,146.0701,126.38,4.9,mb,,56,3.384,0.58,us,us70009mvu,2020-05-21T23:11:47.040Z,"380 km N of Saipan, Northern Mariana Islands",earthquake,9.6,7.4,0.029,387,reviewed,us,us
2020-05-21T22:31:17.880Z,-33.5552,-70.7893,83.52,4.8,mwr,,39,0.168,0.7,us,us70009mvg,2020-05-30T04:31:15.037Z,"9 km WNW of San Bernardo, Chile",earthquake,3.6,3.6,,,reviewed,us,guc
2020-05-21T19:25:11.793Z,-4.6055,153.298,61.02,4.6,mb,,123,1.203,1.07,us,us6000a1p4,2020-05-29T20:05:39.040Z,"117 km ESE of Kokopo, Papua New Guinea",earthquake,9.7,6.3,0.103,28,reviewed,us,us
2020-05-21T19:18:49.309Z,-2.9224,142.8337,10,5.1,mww,,24,2.165,1.14,us,us70009mpw,2020-05-29T17:06:52.040Z,"58 km ENE of Aitape, Papua New Guinea",earthquake,6.9,1.7,0.073,18,reviewed,us,us
2020-05-21T19:12:51.634Z,28.1811,104.8534,12.24,4.6,mb,,58,4.561,0.83,us,us70009mpt,2020-05-29T17:02:45.040Z,"33 km SSE of Xunchang, China",earthquake,4.8,3.8,0.059,84,reviewed,us,us
2020-05-21T15:23:21.779Z,-6.5533,151.6941,10,4.9,mww,,26,2.392,0.95,us,us70009mij,2020-05-21T16:14:25.040Z,"204 km ESE of Kimbe, Papua New Guinea",earthquake,6.5,1.8,0.098,10,reviewed,us,us
2020-05-21T14:05:59.709Z,34.2666,25.6414,10,4.7,mb,,127,1.192,1.36,us,us70009mgw,2020-05-21T14:31:36.040Z,"82 km S of Néa Anatolí, Greece",earthquake,5.3,1.9,0.056,98,reviewed,us,us
2020-05-21T12:57:33.299Z,-9.6616,23.9981,10,5.1,mb,,43,6.92,0.79,us,us70009mfa,2020-06-15T16:44:03.040Z,"150 km SW of Kamina, Democratic Republic of the Congo",earthquake,9.4,1.8,0.064,79,reviewed,us,us
2020-05-21T07:31:18.161Z,-6.0197,150.9792,42.29,4.7,mb,,71,2.165,0.76,us,us70009mbl,2020-05-21T08:03:58.040Z,"106 km ESE of Kimbe, Papua New Guinea",earthquake,7.7,6.4,0.071,60,reviewed,us,us
2020-05-21T04:28:53.120Z,15.6622,-94.7403,28.41,4.9,mww,,114,1.427,1.05,us,us70009m9h,2020-06-03T02:04:25.157Z,"64 km S of San Francisco del Mar Viejo, Mexico",earthquake,3.8,5.3,0.069,20,reviewed,us,us
2020-05-21T04:07:20.282Z,-20.1731,-177.6316,564.34,4.5,mb,,49,4.744,0.51,us,us6000a1nk,2020-06-03T01:53:32.040Z,"274 km WNW of Haveluloto, Tonga",earthquake,15.5,4.6,0.128,18,reviewed,us,us
2020-05-21T03:50:09.068Z,-17.5969,-178.4823,486.29,4.6,mb,,71,3.288,0.6,us,us70009m8w,2020-06-03T02:28:01.040Z,"239 km ENE of Levuka, Fiji",earthquake,7.5,6.1,0.029,358,reviewed,us,us
2020-05-21T03:21:36.179Z,-8.2915,159.7373,10,4.7,mb,,99,1.158,0.39,us,us70009m92,2020-06-03T02:22:03.040Z,"22 km SE of Buala, Solomon Islands",earthquake,10.3,1.8,0.053,107,reviewed,us,us
2020-05-20T23:43:18.353Z,35.1657,20.2719,22.46,5.7,mww,,22,2.413,0.54,us,us70009m4x,2020-06-06T03:51:53.812Z,"224 km SW of Methóni, Greece",earthquake,6.7,3.5,0.048,42,reviewed,us,us
2020-05-20T20:31:53.008Z,-16.3023,167.9982,175.07,5.3,mww,,32,1.143,0.9,us,us70009lzu,2020-05-28T16:48:36.040Z,"66 km ESE of Lakatoro, Vanuatu",earthquake,8.5,4.9,0.098,10,reviewed,us,us
2020-05-20T17:13:22.504Z,54.6173,-156.7715,8.5,4.7,ml,,,,0.51,ak,ak0206hgz4pc,2020-06-02T20:27:48.497Z,"208 km SE of Perryville, Alaska",earthquake,,1.4,,,reviewed,ak,ak
2020-05-20T15:44:50.486Z,35.2162,27.8657,10,4.7,mb,,41,0.663,0.92,us,us70009lsl,2020-05-28T22:11:23.040Z,"67 km ESE of Karpathos, Greece",earthquake,5.4,1.8,0.044,156,reviewed,us,us
2020-05-20T15:29:13.041Z,-21.0962,-68.7395,104.17,4.5,mb,,34,0.839,0.72,us,us70009ls5,2020-05-28T22:08:37.040Z,"151 km N of Calama, Chile",earthquake,4.8,4.9,0.099,30,reviewed,us,us
2020-05-20T15:01:28.063Z,-15.1094,-173.2709,10,4.7,mb,,129,1.871,1.16,us,us6000a0zi,2020-05-28T22:06:18.040Z,"109 km NNE of Hihifo, Tonga",earthquake,13,1.9,0.099,31,reviewed,us,us
2020-05-20T13:56:45.939Z,6.5128,125.5939,182.61,4.9,mb,,107,0.553,0.89,us,us70009lpq,2020-05-20T14:15:14.040Z,"3 km ENE of Tubalan, Philippines",earthquake,7.8,6.4,0.076,54,reviewed,us,us
2020-05-20T13:46:49.519Z,-16.1594,-173.4582,72.76,5.1,mww,,57,4.444,1.06,us,us70009lpe,2020-05-20T14:08:16.040Z,"42 km ESE of Hihifo, Tonga",earthquake,8.8,5.3,0.098,10,reviewed,us,us
2020-05-20T12:45:07.793Z,5.2691,126.106,92.76,5,mww,,82,1.864,0.76,us,us70009lmq,2020-05-20T13:45:06.768Z,"72 km ESE of Sarangani, Philippines",earthquake,7.6,6.1,0.083,14,reviewed,us,us
2020-05-20T12:36:53.447Z,38.2012,-117.7453,11.7,5,ml,20,49.32,0.128,0.1674,nn,nn00729332,2020-06-03T16:12:11.957Z,"38 km ESE of Mina, Nevada",earthquake,,1.3,0.1,4,reviewed,nn,nn
2020-05-20T11:45:27.798Z,32.7191,141.1326,42.49,4.6,mb,,134,1.177,0.87,us,us70009lkd,2020-05-20T12:15:12.040Z,"277 km SSE of Tateyama, Japan",earthquake,7.5,5.3,0.072,57,reviewed,us,us
2020-05-20T10:42:09.944Z,-26.06,-66.6844,31.99,5,mww,,47,2.323,1.16,us,us70009liw,2020-05-20T11:00:11.040Z,"70km W of Cafayate, Argentina",earthquake,6.2,4.6,0.08,15,reviewed,us,us
2020-05-20T05:59:07.457Z,11.5009,-86.709,51.36,4.6,mb,,82,0.745,1.43,us,us70009le2,2020-06-11T09:57:08.040Z,"38 km SW of Masachapa, Nicaragua",earthquake,6.4,6.2,0.036,233,reviewed,us,us
2020-05-20T03:30:38.747Z,11.49,-86.7747,31.45,4.9,mww,,52,0.792,0.83,us,us70009lcd,2020-05-29T03:46:46.745Z,"43 km SW of Masachapa, Nicaragua",earthquake,4.4,3.5,0.098,10,reviewed,us,us
2020-05-20T02:12:18.191Z,34.3381,25.8848,7.02,4.8,mww,,63,1.252,0.72,us,us70009lah,2020-06-05T22:31:00.040Z,"75 km S of Ierápetra, Greece",earthquake,6.2,4,0.071,19,reviewed,us,us
2020-05-20T00:58:59.139Z,13.1654,-90.914,10,4.5,mb,,183,1.549,0.95,us,us70009l9s,2020-05-28T21:41:41.040Z,"84 km S of Puerto San José, Guatemala",earthquake,7.4,1.9,0.059,84,reviewed,us,us
2020-05-20T00:38:43.755Z,5.5681,126.5474,116.96,4.5,mb,,115,1.775,0.71,us,us6000a0ym,2020-05-28T21:36:03.040Z,"96 km SSE of Pondaguitan, Philippines",earthquake,10.3,7.6,0.124,19,reviewed,us,us
2020-05-19T22:12:45.639Z,38.1755,-117.8535,8.1,4.6,ml,23,47.6,0.091,0.1864,nn,nn00728819,2020-06-01T10:00:59.235Z,"54km W of Tonopah, Nevada",earthquake,,1.7,0.38,10,reviewed,nn,nn
2020-05-19T21:40:32.682Z,-59.9094,-25.471,10,4.7,mb,,95,8.225,0.6,us,us6000a02h,2020-05-27T23:44:35.040Z,"2545 km E of Tolhuin, Argentina",earthquake,8.3,1.9,0.096,33,reviewed,us,us
2020-05-19T19:38:12.318Z,5.4829,124.9941,54.46,4.8,mb,,104,1.68,0.87,us,us70009l4a,2020-05-19T22:13:25.040Z,"38km SW of Burias, Philippines",earthquake,6.8,8,0.054,110,reviewed,us,us
2020-05-19T19:09:14.181Z,34.34,25.5954,10,4.8,mww,,56,1.109,0.84,us,us70009l27,2020-05-19T20:43:58.040Z,"75km S of Ierapetra, Greece",earthquake,3.9,1.9,0.073,18,reviewed,us,us
2020-05-19T17:55:25.463Z,34.1225,25.5513,13.08,4.6,mb,,68,1.284,0.64,us,us70009l0f,2020-05-19T18:41:07.040Z,"99km S of Ierapetra, Greece",earthquake,4.4,4.9,0.061,79,reviewed,us,us
2020-05-19T17:53:07.432Z,21.2199,121.2098,25.18,4.6,mb,,85,1.594,1.15,us,us70009l0i,2020-05-19T18:29:17.040Z,"81km NW of Itbayat, Philippines",earthquake,7.1,4.7,0.082,50,reviewed,us,us
2020-05-19T16:28:03.623Z,24.1963,125.1086,27.24,4.6,mb,,121,1.932,0.5,us,us6000a020,2020-05-27T18:32:29.040Z,"70 km SSW of Hirara, Japan",earthquake,8.5,5.7,0.112,24,reviewed,us,us
2020-05-19T16:15:26.189Z,34.1512,25.5749,10,4.5,mb,,171,1.266,0.72,us,us6000a021,2020-05-27T18:08:51.040Z,"95 km S of Néa Anatolí, Greece",earthquake,6.9,1.9,0.121,20,reviewed,us,us
2020-05-19T16:04:34.158Z,-4.8598,129.5065,202.42,4.5,mb,,95,3.346,0.36,us,us6000a02g,2020-05-27T16:42:48.040Z,"180 km SSE of Amahai, Indonesia",earthquake,10.6,6.4,0.15,13,reviewed,us,us
2020-05-19T11:38:33.245Z,-55.1068,-127.1259,10,4.9,mb,,93,32.917,0.52,us,us6000a01s,2020-06-13T10:16:12.040Z,"3419 km SSW of Hanga Roa, Chile",earthquake,8.2,1.9,0.108,27,reviewed,us,us
2020-05-19T11:13:57.637Z,13.0135,143.5381,126.49,4.7,mb,,45,1.415,0.55,us,us70009kqc,2020-06-15T05:48:33.040Z,"125 km WSW of Merizo Village, Guam",earthquake,10.9,6.9,0.091,36,reviewed,us,us
2020-05-19T10:00:18.966Z,-7.8311,107.9644,61.62,4.9,mb,,49,0.48,0.84,us,us70009kn8,2020-06-15T06:42:02.040Z,"55 km SSW of Singaparna, Indonesia",earthquake,8.3,5,0.067,72,reviewed,us,us
2020-05-19T09:45:47.224Z,27.8533,129.5492,32.97,4.9,mb,,96,1.522,0.59,us,us70009kmn,2020-05-19T10:13:57.040Z,"57km S of Naze, Japan",earthquake,6.5,5.6,0.048,137,reviewed,us,us
2020-05-19T09:24:45.005Z,34.1033,25.7248,10,4.9,mb,,37,1.367,0.89,us,us70009km0,2020-05-19T09:43:19.040Z,"100km S of Ierapetra, Greece",earthquake,6.6,1.7,0.037,228,reviewed,us,us
2020-05-19T08:38:59.792Z,-20.8827,-178.3785,573.91,4.5,mb,,115,4.593,0.9,us,us70009kl0,2020-06-15T13:22:47.040Z,"330 km W of Haveluloto, Tonga",earthquake,12.1,6.5,0.049,121,reviewed,us,us
2020-05-19T07:55:10.718Z,36.2607,137.7124,10,4.6,mb,,95,0.488,0.97,us,us70009kjx,2020-06-15T11:29:25.040Z,"17 km WSW of Toyoshina, Japan",earthquake,3.3,1.9,0.111,24,reviewed,us,us
2020-05-19T07:19:00.062Z,5.9089,-77.4832,10,5,mww,,51,3.321,1.26,us,us70009kin,2020-06-15T11:19:09.040Z,"32 km NW of Nuquí, Colombia",earthquake,7,1.8,0.098,10,reviewed,us,us
2020-05-19T07:10:10.481Z,40.8257,-127.2471,10,4.6,mb,,121,2.241,1.29,us,us70009ki1,2020-06-15T06:58:52.495Z,"253 km W of Ferndale, California",earthquake,5,1.8,0.051,120,reviewed,us,us
2020-05-19T04:12:59.905Z,36.2719,137.6824,10,5.2,mww,,51,0.501,0.55,us,us70009kd9,2020-05-29T01:21:32.095Z,"19 km WSW of Hotaka, Japan",earthquake,4.6,1.8,0.061,26,reviewed,us,us
2020-05-19T03:17:13.037Z,37.6158,141.2772,44.28,5.1,mww,,86,2.649,0.58,us,us70009kc6,2020-05-28T04:54:49.650Z,"28 km ENE of Namie, Japan",earthquake,8.1,4.3,0.073,18,reviewed,us,us
2020-05-19T01:06:40.374Z,-4.6611,103.5046,59.44,4.7,mb,,88,0.623,0.22,us,us6000a014,2020-05-28T02:13:24.040Z,"75 km SSE of Pagar Alam, Indonesia",earthquake,7,6.8,0.147,14,reviewed,us,us
2020-05-19T00:28:12.403Z,-1.0995,126.9809,10,4.5,mb,,66,1.898,1.2,us,us6000a00z,2020-05-30T23:43:41.040Z,"213 km SSW of Sofifi, Indonesia",earthquake,6.1,1.9,0.156,12,reviewed,us,us
2020-05-19T00:24:52.858Z,-14.4895,-72.9009,67.15,4.6,mb,,104,4.507,1.09,us,us6000a010,2020-05-29T03:38:34.040Z,"88 km W of Santo Tomas, Peru",earthquake,9,5.9,0.073,56,reviewed,us,us
2020-05-19T00:02:41.721Z,34.1771,25.568,10,4.6,mb,,64,1.241,0.8,us,us70009k8l,2020-05-19T00:28:22.040Z,"93km S of Ierapetra, Greece",earthquake,7.4,1.9,0.047,132,reviewed,us,us
2020-05-18T23:22:35.293Z,34.2184,25.5175,10,5.8,mww,,17,1.185,0.6,us,us70009k7k,2020-05-19T23:25:04.311Z,"89km S of Gra Liyia, Greece",earthquake,4.3,1.7,0.055,32,reviewed,us,us
2020-05-18T18:36:30.807Z,-24.5162,-68.6367,102.3,4.9,mwr,,53,1.612,0.73,us,us70009jyg,2020-05-22T21:21:45.040Z,"183 km SSW of San Pedro de Atacama, Chile",earthquake,6.5,4.9,,,reviewed,us,guc
2020-05-18T18:12:25.425Z,-18.3984,-177.702,523.08,4.5,mb,,127,4.09,0.81,us,us70009nih,2020-05-22T21:40:43.040Z,"317 km E of Levuka, Fiji",earthquake,9.3,8.5,0.163,11,reviewed,us,us
2020-05-18T16:50:17.692Z,1.521,126.4919,42.93,4.8,mb,,53,1.148,0.41,us,us70009jv1,2020-05-25T17:18:34.040Z,"128 km NW of Ternate, Indonesia",earthquake,6.4,5.9,0.063,79,reviewed,us,us
2020-05-18T15:56:32.486Z,-19.0984,-172.8796,10,4.9,mb,,78,2.792,0.9,us,us70009nic,2020-05-25T15:49:23.040Z,"126 km ESE of Neiafu, Tonga",earthquake,7.1,1.8,0.125,22,reviewed,us,us
2020-05-18T13:48:03.206Z,27.2609,103.2862,10,5.1,mww,,44,6.222,0.83,us,us70009jr6,2020-06-15T19:16:28.284Z,"43 km W of Zhaotong, China",earthquake,7.1,1.8,0.073,18,reviewed,us,us
2020-05-18T12:04:34.331Z,17.5708,145.5261,484.21,4.5,mb,,58,2.33,0.72,us,us70009jmr,2020-05-18T13:14:47.040Z,"65km SSW of Pagan, Northern Mariana Islands",earthquake,3.7,7.7,0.03,328,reviewed,us,us
2020-05-18T11:48:07.560Z,34.154,25.5249,10,5.1,mww,,45,1.246,0.96,us,us70009jm3,2020-05-18T22:52:39.040Z,"96km SSW of Ierapetra, Greece",earthquake,7.2,1.9,0.093,11,reviewed,us,us
2020-05-18T11:15:39.608Z,-19.9537,-70.0616,49.07,4.8,mwr,,101,0.427,0.62,us,us70009jla,2020-05-19T02:05:51.045Z,"30km NNE of Iquique, Chile",earthquake,2.8,4.7,0.056,31,reviewed,us,us
2020-05-18T08:00:17.246Z,-30.0409,-176.4625,10,4.9,mb,,59,1.503,0.68,us,us70009jid,2020-05-18T08:29:36.040Z,"163km ESE of Raoul Island, New Zealand",earthquake,4.6,1.8,0.069,66,reviewed,us,us
2020-05-18T07:02:34.454Z,40.8281,-127.2301,10,5.5,mww,,167,2.228,0.77,us,us70009jgy,2020-06-15T07:12:48.127Z,"252km W of Ferndale, California",earthquake,8.3,1.9,0.043,53,reviewed,us,us
2020-05-18T06:56:01.679Z,40.7836,-127.2776,10,4.7,mb,,199,2.258,1.03,us,us70009jgt,2020-05-22T04:38:11.903Z,"255km W of Ferndale, California",earthquake,9.8,1.9,0.142,15,reviewed,us,us
2020-05-18T06:39:57.125Z,-9.1381,156.0993,10,4.6,mb,,131,23.479,0.29,us,us70009nht,2020-06-13T10:42:48.040Z,"140 km SW of Gizo, Solomon Islands",earthquake,16.6,1.9,0.158,12,reviewed,us,us
2020-05-18T06:37:30.497Z,51.4747,-173.502,28.33,4.5,mb,,140,0.846,0.57,us,us70009jgf,2020-06-15T12:07:02.040Z,"93 km SSE of Atka, Alaska",earthquake,5,5.3,0.034,258,reviewed,us,us
2020-05-18T04:18:17.966Z,34.1648,25.6205,10,5.3,mww,,45,1.271,0.86,us,us70009jdm,2020-05-25T22:57:10.040Z,"93 km S of Néa Anatolí, Greece",earthquake,6.8,1.8,0.05,38,reviewed,us,us
2020-05-18T04:01:18.186Z,4.6843,127.7316,85.37,4.5,mb,,90,3.193,0.7,us,us70009jd9,2020-05-25T22:50:17.040Z,"253 km SE of Pondaguitan, Philippines",earthquake,9.2,6,0.089,37,reviewed,us,us
2020-05-18T03:00:38.394Z,38.2166,141.676,46.75,5,mww,,63,2.612,0.97,us,us70009jbz,2020-05-25T04:40:41.465Z,"39 km SE of Ishinomaki, Japan",earthquake,6.3,3.2,0.075,17,reviewed,us,us
2020-05-18T02:23:04.607Z,-40.6143,45.1568,10,4.6,mb,,56,7.582,0.64,us,us70009nhp,2020-05-25T03:40:51.040Z,"1698 km S of Tranovaho, Madagascar",earthquake,11.9,1.8,0.119,21,reviewed,us,us
2020-05-18T02:13:01.733Z,36.2738,140.1721,54.13,4.5,mb,,133,1.606,0.57,us,us70009nhk,2020-05-25T02:56:24.040Z,"6 km E of Makabe, Japan",earthquake,10.7,2.6,0.171,10,reviewed,us,us
2020-05-18T02:01:10.162Z,7.7206,-82.8386,10,4.5,mb,,141,0.835,0.76,us,us70009jb8,2020-05-25T00:08:24.040Z,"34 km S of Punta de Burica, Panama",earthquake,3.5,1.9,0.064,73,reviewed,us,us
2020-05-18T01:11:57.439Z,67.8093,20.2582,10,4.9,mb,,31,1.409,0.88,us,us70009ja2,2020-06-08T22:33:54.666Z,"5 km SSE of Kiruna, Sweden",earthquake,5.3,1.7,0.032,299,reviewed,us,us
2020-05-17T21:17:02.474Z,38.1749,-117.8028,10.4,4.7,ml,24,46.81,0.056,0.1201,nn,nn00727561,2020-05-25T13:40:29.326Z,"49km WNW of Tonopah, Nevada",earthquake,,0.8,0.14,7,reviewed,nn,nn
2020-05-17T20:47:14.096Z,19.7133,-76.397,10,4.6,mb,,69,0.262,0.94,us,us70009j48,2020-06-14T14:36:10.150Z,"60 km SW of El Cobre, Cuba",earthquake,4.8,1.9,0.035,240,reviewed,us,us
2020-05-17T19:27:12.526Z,-4.4309,-77.1104,42.96,4.6,mb,,141,3.928,0.55,us,us70009j35,2020-06-14T14:20:51.233Z,"65 km NW of Barranca, Peru",earthquake,8.4,9.7,0.065,71,reviewed,us,us
2020-05-17T19:26:39.549Z,52.3445,159.6008,71.39,4.5,mb,,122,0.893,0.96,us,us70009j32,2020-06-14T14:17:04.040Z,"100 km SE of Petropavlovsk-Kamchatsky, Russia",earthquake,8.1,4.5,0.059,85,reviewed,us,us
2020-05-17T19:07:42.468Z,-25.4481,179.9236,459.12,5.4,mww,,50,4.236,1.12,us,us70009j2k,2020-06-14T13:59:16.822Z,"687 km SW of Vaini, Tonga",earthquake,11.3,2.4,0.083,14,reviewed,us,us
2020-05-17T13:49:44.810Z,-18.5826,-174.845,125.21,4.9,mb,,69,4.683,0.57,us,us70009ixd,2020-05-24T14:42:51.040Z,"91 km W of Neiafu, Tonga",earthquake,9.3,6.8,0.076,55,reviewed,us,us
2020-05-17T12:51:11.204Z,-30.1451,60.7072,10,4.7,mb,,63,10.223,0.49,us,us70009ne7,2020-06-03T07:26:37.040Z,"1091 km SSE of Saint-Philippe, Reunion",earthquake,6.1,1.9,0.113,24,reviewed,us,us
2020-05-17T11:53:53.336Z,38.15,-117.9553,9.6,4.5,ml,26,51.9,0.012,0.2003,nn,nn00727244,2020-06-03T07:12:53.537Z,"57km WNW of Tonopah, Nevada",earthquake,,0.8,0.5,9,reviewed,nn,nn
2020-05-17T11:38:26.444Z,33.6587,134.6928,22.7,4.5,mwr,,85,0.684,0.62,us,us70009iut,2020-06-03T07:02:40.173Z,"28 km S of Anan, Japan",earthquake,6.2,6.4,0.083,14,reviewed,us,us
2020-05-17T05:26:29.801Z,52.1016,-169.3508,10,4.8,mb,,137,1.319,0.93,us,us70009imm,2020-06-05T11:12:18.040Z,"98 km SSW of Nikolski, Alaska",earthquake,5.1,1.9,0.028,394,reviewed,us,us
2020-05-17T05:22:09.081Z,29.9346,94.9732,10,4.6,mb,,77,3.35,0.49,us,us70009iml,2020-06-04T11:51:02.040Z,"196 km N of Along, India",earthquake,6.9,1.9,0.089,37,reviewed,us,us
2020-05-17T04:32:15.434Z,20.5275,96.0814,10,4.6,mb,,93,0.923,0.97,us,us70009ilx,2020-06-12T04:03:30.040Z,"12 km NNW of Yamethin, Myanmar",earthquake,6.2,1.8,0.11,25,reviewed,us,us
