time,latitude,longitude,depth,mag,magType,nst,gap,dmin,rms,net,id,updated,place,type,horizontalError,depthError,magError,magNst,status,locationSource,magSource
2020-06-16T05:58:22.730Z,36.0421677,-117.8063354,0.12,3.77,mlr,52,49,0.07632,0.2,ci,ci39481424,2020-06-16T06:00:50.937Z,"13km E of Coso Junction, CA",earthquake,0.19,0.35,0.245,16,automatic,ci,ci
2020-06-16T05:56:54.610Z,38.1547,-117.9837,11.8,1.7,ml,15,116.01,0.047,0.07,nn,nn00749129,2020-06-16T06:00:16.421Z,"28 km SSE of Mina, Nevada",earthquake,,1.2,,,automatic,nn,nn
2020-06-16T05:55:20.380Z,38.1562,-117.9035,11.8,2.8,ml,33,49.16,0.014,0.11,nn,nn00749126,2020-06-16T05:58:58.362Z,"31 km SE of Mina, Nevada",earthquake,,0.6,,,automatic,nn,nn
2020-06-16T05:52:55.880Z,38.8330002,-122.7511673,0.38,1.02,md,16,102,0.02191,0.03,nc,nc73409856,2020-06-16T05:54:33.836Z,"3km WNW of Cobb, CA",earthquake,0.25,0.59,0.14,4,automatic,nc,nc
2020-06-16T05:40:42.650Z,35.6878333,-117.5326667,1.6,1.18,ml,13,151,0.1381,0.23,ci,ci39481408,2020-06-16T05:44:30.106Z,"15km SW of Searles Valley, CA",earthquake,0.69,0.99,0.178,14,automatic,ci,ci
2020-06-16T05:38:33.910Z,33.4723333,-116.4216667,5.21,0.35,ml,15,82,0.1247,0.12,ci,ci39481400,2020-06-16T05:42:16.117Z,"24km SSW of La Quinta, CA",earthquake,0.24,2.95,0.097,5,automatic,ci,ci
2020-06-16T05:35:49.810Z,38.157,-118.0005,6.4,0.8,ml,12,130.86,0.043,0.03,nn,nn00749124,2020-06-16T05:56:15.003Z,"27 km SSE of Mina, Nevada",earthquake,,1.5,,,automatic,nn,nn
2020-06-16T05:21:11.490Z,38.1523,-117.924,6,1.2,ml,12,95.5,0.017,0.06,nn,nn00749123,2020-06-16T05:37:35.364Z,"30 km SSE of Mina, Nevada",earthquake,,0.6,,,automatic,nn,nn
2020-06-16T05:19:04.490Z,33.018,-116.6353333,6.72,0.57,ml,15,140,0.07037,0.28,ci,ci39481392,2020-06-16T05:22:52.315Z,"7km SSW of Julian, CA",earthquake,0.87,1.69,0.466,6,automatic,ci,ci
2020-06-16T05:18:16.790Z,37.6896667,-121.7318344,3.93,2.08,md,13,96,0.0117,0.13,nc,nc73409846,2020-06-16T05:40:18.333Z,"3km ENE of Livermore, CA",earthquake,0.41,0.54,0.13,11,automatic,nc,nc
2020-06-16T05:16:17.117Z,61.7153,-150.4033,30.7,1.4,ml,,,,0.79,ak,ak0207pxcxqy,2020-06-16T05:21:25.495Z,"19 km W of Willow, Alaska",earthquake,,0.3,,,automatic,ak,ak
2020-06-16T05:14:07.950Z,38.1885,-117.7723,5.4,1.8,ml,17,53.87,0.065,0.2,nn,nn00749119,2020-06-16T05:22:16.369Z,"36 km SE of Mina, Nevada",earthquake,,1.3,,,automatic,nn,nn
2020-06-16T05:10:32.250Z,38.1773,-117.8807,9,1.1,ml,13,77.82,0.023,0.11,nn,nn00749117,2020-06-16T05:14:55.730Z,"30 km SE of Mina, Nevada",earthquake,,0.8,,,automatic,nn,nn
2020-06-16T05:08:35.307Z,69.443,-144.7776,3.7,3.1,ml,,,,0.96,ak,ak0207pxbfmu,2020-06-16T05:18:03.590Z,"88 km SSW of Kaktovik, Alaska",earthquake,,1.1,,,automatic,ak,ak
2020-06-16T05:08:33.771Z,69.2384,-144.7334,0,3.3,ml,,,,0.82,ak,ak0207pxb9au,2020-06-16T05:13:51.931Z,"108 km SSW of Kaktovik, Alaska",earthquake,,1.1,,,automatic,ak,ak
2020-06-16T05:06:34.090Z,19.807333,-155.3838348,18.77,2.2,ml,50,169,0.1487,0.19,hv,hv71560517,2020-06-16T05:12:25.520Z,"25 km SW of Laup?hoehoe, Hawaii",earthquake,0.57,1.3,2.82,9,automatic,hv,hv
2020-06-16T05:05:23.480Z,38.1637,-117.891,9.5,0.5,ml,11,115.08,0.011,0.04,nn,nn00749116,2020-06-16T05:11:14.624Z,"31 km SE of Mina, Nevada",earthquake,,2.2,,,automatic,nn,nn
2020-06-16T04:52:23.960Z,32.9383333,-116.266,11.61,0.79,ml,21,86,0.03537,0.23,ci,ci39481376,2020-06-16T04:56:12.198Z,"26km SSW of Ocotillo Wells, CA",earthquake,0.42,0.87,0.243,10,automatic,ci,ci
2020-06-16T04:51:58.200Z,38.8131676,-122.8156662,2.83,0.55,md,8,90,0.01111,0.01,nc,nc73409836,2020-06-16T05:29:03.254Z,"6km NW of The Geysers, CA",earthquake,0.52,1.58,,1,automatic,nc,nc
2020-06-16T04:51:04.590Z,38.8118324,-122.8300018,1.85,0.57,md,17,62,0.003029,0.03,nc,nc73409826,2020-06-16T05:06:03.094Z,"7km WNW of The Geysers, CA",earthquake,0.24,0.58,0.01,2,automatic,nc,nc
2020-06-16T04:50:36.920Z,38.786499,-122.7645035,1.4,1.21,md,17,71,0.01459,0.03,nc,nc73409831,2020-06-16T05:17:05.169Z,"1km NW of The Geysers, CA",earthquake,0.25,0.51,0.37,4,automatic,nc,nc
2020-06-16T04:47:46.150Z,38.1965,-117.7178,15.5,1.3,ml,13,201.66,0.033,0.07,nn,nn00749114,2020-06-16T05:07:34.869Z,"40 km ESE of Mina, Nevada",earthquake,,1.1,,,automatic,nn,nn
2020-06-16T04:47:06.650Z,19.8050003,-155.3804932,18.81,1.88,md,24,258,0.1509,0.13,hv,hv71560492,2020-06-16T04:50:45.790Z,"25 km SW of Laup?hoehoe, Hawaii",earthquake,0.81,1.52,0.13,3,automatic,hv,hv
2020-06-16T04:46:30.276Z,68.4637,-148.4706,0,1.6,ml,,,,0.55,ak,ak0207pwxynn,2020-06-16T04:51:56.084Z,"126 km WNW of Arctic Village, Alaska",earthquake,,0.4,,,automatic,ak,ak
2020-06-16T04:41:15.924Z,63.4747,-147.562,22.9,1.1,ml,,,,1.24,ak,ak0207pwwuxs,2020-06-16T04:45:53.018Z,"69 km E of Cantwell, Alaska",earthquake,,0.5,,,automatic,ak,ak
2020-06-16T04:38:46.260Z,38.146,-117.9982,10.9,1.3,ml,19,107.71,0.035,0.11,nn,nn00749111,2020-06-16T04:49:16.010Z,"28 km SSE of Mina, Nevada",earthquake,,1,,,automatic,nn,nn
2020-06-16T04:38:08.548Z,64.8749,-150.8798,8.1,1.2,ml,,,,0.89,ak,ak0207pww7d1,2020-06-16T04:47:33.980Z,"18 km SW of Manley Hot Springs, Alaska",earthquake,,0.4,,,automatic,ak,ak
2020-06-16T04:33:33.390Z,38.2073,-117.8413,3.5,0.4,ml,9,119.32,0.042,0.19,nn,nn00749110,2020-06-16T04:39:34.262Z,"30 km SE of Mina, Nevada",earthquake,,14,,,automatic,nn,nn
2020-06-16T04:22:41.708Z,64.6068,-148.0862,15,0.4,ml,,,,0.52,ak,ak0207pwsucq,2020-06-16T04:27:47.810Z,"26 km SSW of South Van Horn, Alaska",earthquake,,0.4,,,automatic,ak,ak
2020-06-16T04:22:09.240Z,38.1717,-117.8717,7.3,1.9,ml,22,81.24,0.011,0.11,nn,nn00749106,2020-06-16T04:35:16.925Z,"31 km SE of Mina, Nevada",earthquake,,0.7,,,automatic,nn,nn
2020-06-16T04:17:44.310Z,35.7066667,-118.0381667,3.59,0.98,ml,14,104,0.1552,0.23,ci,ci39481360,2020-06-16T04:21:17.211Z,"21km WNW of Inyokern, CA",earthquake,0.5,1.81,0.132,13,automatic,ci,ci
2020-06-16T04:09:12.820Z,38.7733345,-122.7338333,0.1,0.58,md,6,131,0.01014,0.02,nc,nc73409816,2020-06-16T04:25:06.041Z,"2km ESE of The Geysers, CA",earthquake,0.49,1.44,,1,automatic,nc,nc
2020-06-16T04:07:08.640Z,38.177,-117.9113,15,0.8,ml,9,78.22,0.036,0.01,nn,nn00749103,2020-06-16T04:23:14.911Z,"29 km SE of Mina, Nevada",earthquake,,0.7,,,automatic,nn,nn
2020-06-16T04:04:43.800Z,38.1782,-117.8092,12.8,0.9,ml,8,114.46,0.055,0.04,nn,nn00749102,2020-06-16T04:08:20.951Z,"35 km SE of Mina, Nevada",earthquake,,5.9,,,automatic,nn,nn
2020-06-16T04:03:09.760Z,38.1818,-117.8897,5,0.4,ml,10,92.85,0.009,0.05,nn,nn00749101,2020-06-16T04:08:14.519Z,"30 km SE of Mina, Nevada",earthquake,,2.8,,,automatic,nn,nn
2020-06-16T03:47:29.830Z,38.1805,-117.776,12.9,0.9,ml,10,105.94,0.065,0.13,nn,nn00749099,2020-06-16T04:05:14.232Z,"37 km SE of Mina, Nevada",earthquake,,3.2,,,automatic,nn,nn
2020-06-16T03:42:52.470Z,46.8805,-121.945333333333,7.93,0.62,ml,14,94,0.01466,0.13,uw,uw61632307,2020-06-16T04:48:04.960Z,"15 km NNE of Ashford, Washington",earthquake,0.35,0.57,0.164639774955453,6,reviewed,uw,uw
2020-06-16T03:41:49.680Z,33.7771667,-115.9628333,0.3,1.12,ml,20,111,0.1238,0.26,ci,ci39481352,2020-06-16T03:45:50.380Z,"22km ENE of Coachella, CA",earthquake,0.5,31.61,0.105,25,automatic,ci,ci
2020-06-16T03:39:20.640Z,37.9142,-118.3245,7,1.2,ml,8,163.33,0.364,0.15,nn,nn00749098,2020-06-16T03:48:34.010Z,"17 km NE of Benton, California",earthquake,,15.3,,,automatic,nn,nn
2020-06-16T03:31:59.980Z,38.1985,-117.7458,8.7,1.4,ml,18,112.14,0.026,0.11,nn,nn00749096,2020-06-16T03:41:15.835Z,"38 km SE of Mina, Nevada",earthquake,,2.1,,,automatic,nn,nn
2020-06-16T03:29:23.470Z,38.1502,-117.9553,13.7,1,ml,12,104.4,0.058,0.19,nn,nn00749094,2020-06-16T03:32:54.835Z,"29 km SSE of Mina, Nevada",earthquake,,1.2,,,automatic,nn,nn
2020-06-16T03:27:16.540Z,17.9343,-66.9075,8,1.8,md,18,207,0.0497,0.13,pr,pr2020168002,2020-06-16T04:05:15.278Z,"4 km S of Guánica, Puerto Rico",earthquake,0.52,0.58,0.14,5,reviewed,pr,pr
2020-06-16T03:26:09.650Z,38.0468333,-118.7473333,3.51,2.09,md,25,109,0.2797,0.05,nc,nc73409806,2020-06-16T05:59:03.440Z,"30km SE of Bodie, CA",earthquake,0.29,3.49,0.267,26,reviewed,nc,nc
2020-06-16T03:24:15.030Z,38.1957,-117.9977,2.3,1.1,ml,17,70.82,0.025,0.17,nn,nn00749089,2020-06-16T03:27:35.149Z,"23 km SSE of Mina, Nevada",earthquake,,1.1,,,automatic,nn,nn
2020-06-16T03:10:45.150Z,38.8128319,-122.8321686,1.44,0.32,md,9,154,0.004596,0.02,nc,nc73409801,2020-06-16T03:59:03.815Z,"8km WNW of The Geysers, CA",earthquake,0.34,0.52,0.24,2,automatic,nc,nc
2020-06-16T03:07:42.250Z,36.8501663,-121.5429993,5.5,1.46,md,11,83,0.04473,0.07,nc,nc73409796,2020-06-16T05:44:02.354Z,"1km NW of San Juan Bautista, CA",earthquake,0.45,0.8,0.12,7,automatic,nc,nc
2020-06-16T03:00:09.490Z,38.8126678,-122.8161697,0.66,0.55,md,12,61,0.01085,0.03,nc,nc73409786,2020-06-16T03:25:02.429Z,"6km NW of The Geysers, CA",earthquake,0.26,0.99,,1,automatic,nc,nc
2020-06-16T02:58:58.400Z,38.8246651,-122.8236694,16.21,0.66,md,13,83,0.009008,0.11,nc,nc73409781,2020-06-16T03:14:06.353Z,"8km NW of The Geysers, CA",earthquake,1.9,10.54,,1,automatic,nc,nc
2020-06-16T02:54:43.650Z,38.2293,-117.7195,8,1,ml,11,129.45,0.035,0.03,nn,nn00749086,2020-06-16T02:59:34.044Z,"38 km ESE of Mina, Nevada",earthquake,,7.8,,,automatic,nn,nn
2020-06-16T02:50:53.920Z,19.4069996,-155.2878265,0.61,1.81,md,16,79,0.01118,0.15,hv,hv71560312,2020-06-16T02:54:22.750Z,"6 km SW of Volcano, Hawaii",earthquake,0.22,0.35,0.12,11,automatic,hv,hv
2020-06-16T02:50:08.040Z,38.2468,-117.7473,17.9,1.2,ml,11,117.11,0.132,0.3,nn,nn00749084,2020-06-16T02:55:14.581Z,"35 km ESE of Mina, Nevada",earthquake,,3.3,,,automatic,nn,nn
2020-06-16T02:48:43.350Z,37.5266667,-118.8181667,2.67,0.51,md,7,325,0.06384,0.06,nc,nc73409776,2020-06-16T04:09:06.273Z,"13km WSW of Toms Place, CA",earthquake,1.4,2.22,0.152,7,reviewed,nc,nc
2020-06-16T02:47:23.460Z,33.5785,-116.598,12.93,1.17,ml,48,29,0.0197,0.18,ci,ci39481336,2020-06-16T02:58:33.580Z,"8km ENE of Anza, CA",earthquake,0.21,0.36,0.182,26,automatic,ci,ci
2020-06-16T02:40:56.950Z,38.7876663,-122.7253342,1.57,0.58,md,8,172,0.009941,0.02,nc,nc73409766,2020-06-16T02:56:04.400Z,"3km ENE of The Geysers, CA",earthquake,0.59,2.32,,1,automatic,nc,nc
2020-06-16T02:39:59.441Z,38.1747,-117.9068,3,0.9,ml,18,104.27,0.031,0.1592,nn,nn00749082,2020-06-16T02:47:04.178Z,"29 km SE of Mina, Nevada",earthquake,,1.1,0.27,7,reviewed,nn,nn
2020-06-16T02:38:51.353Z,53.7943,-166.7359,11.63,3.9,ml,,167,0.016,0.45,us,us6000aclg,2020-06-16T04:30:44.040Z,"15 km SW of Unalaska, Alaska",earthquake,3.4,7.1,0.148,6,reviewed,us,us
2020-06-16T02:37:20.140Z,17.9118,-66.8931,12,2.32,md,20,220,0.0648,0.16,pr,pr2020168001,2020-06-16T03:04:35.509Z,"6 km SSE of Guánica, Puerto Rico",earthquake,0.7,0.45,0.09,7,reviewed,pr,pr
2020-06-16T02:25:42.990Z,38.183,-117.9678,3.2,1,ml,11,130.53,0.049,0.04,nn,nn00749081,2020-06-16T02:32:14.117Z,"26 km SSE of Mina, Nevada",earthquake,,0.7,,,automatic,nn,nn
2020-06-16T02:23:07.660Z,38.1653,-118.0307,0.8,0.6,ml,9,166.26,0.018,0.19,nn,nn00749079,2020-06-16T02:27:34.636Z,"25 km SSE of Mina, Nevada",earthquake,,15.9,,,automatic,nn,nn
2020-06-16T02:18:24.150Z,38.1357,-118.0098,11.7,1.2,ml,11,177.08,0.106,0.03,nn,nn00749077,2020-06-16T02:24:17.247Z,"29 km SSE of Mina, Nevada",earthquake,,1.3,,,automatic,nn,nn
2020-06-16T02:14:32.320Z,38.7220001,-122.980835,2.65,1.58,md,10,199,0.05418,0.04,nc,nc73409761,2020-06-16T05:01:03.061Z,"10km SSE of Cloverdale, CA",earthquake,0.83,3.67,0.08,3,automatic,nc,nc
2020-06-16T02:10:27.348Z,38.1189,-118.0897,6,1.6,ml,20,119.3,0.051,0.2525,nn,nn00749076,2020-06-16T02:43:56.111Z,"30 km S of Mina, Nevada",earthquake,,1.9,0.3,9,reviewed,nn,nn
2020-06-16T02:06:00.308Z,38.1552,-117.9482,8.2,2,ml,26,91.95,0.053,0.1868,nn,nn00749071,2020-06-16T02:37:44.101Z,"29 km SSE of Mina, Nevada",earthquake,,0.9,0.4,12,reviewed,nn,nn
2020-06-16T01:59:45.438Z,38.1805,-117.7909,5.7,1.5,ml,22,49.43,0.059,0.1962,nn,nn00749068,2020-06-16T02:34:35.645Z,"36 km SE of Mina, Nevada",earthquake,,1.4,0.53,10,reviewed,nn,nn
2020-06-16T01:58:26.980Z,33.7273333,-116.8075,16.11,0.57,ml,14,195,0.07945,0.15,ci,ci39481320,2020-06-16T02:02:09.709Z,"8km ESE of Valle Vista, CA",earthquake,0.61,0.47,0.144,9,automatic,ci,ci
2020-06-16T01:54:03.840Z,37.2886667,-121.6686667,1.79,0.9,md,12,85,0.02984,0.08,nc,nc73409751,2020-06-16T03:50:02.599Z,"15km E of Seven Trees, CA",earthquake,0.31,0.6,0.111,11,reviewed,nc,nc
2020-06-16T01:46:46.480Z,37.2910004,-121.6703339,1.32,1.37,md,10,59,0.03204,0.03,nc,nc73409746,2020-06-16T04:35:02.878Z,"15km E of Seven Trees, CA",earthquake,0.28,0.68,0.22,9,automatic,nc,nc
2020-06-16T01:41:25.070Z,36.0509987,-120.2416687,9.01,2,md,18,132,0.05505,0.2,nc,nc73409741,2020-06-16T04:09:04.719Z,"11km WNW of Avenal, CA",earthquake,0.67,0.95,0.29,11,automatic,nc,nc
2020-06-16T01:30:47.396Z,37.8294,72.2563,118.11,5.7,mww,,18,0.559,0.71,us,us6000ack0,2020-06-16T05:09:37.981Z,"72 km ENE of Khorugh, Tajikistan",earthquake,4.9,4.1,0.078,16,reviewed,us,us
2020-06-16T01:29:55.490Z,38.0902,-118.1842,7,0.9,ml,11,133.32,0.116,0.05,nn,nn00749065,2020-06-16T01:48:00.989Z,"33 km S of Mina, Nevada",earthquake,,9.1,,,automatic,nn,nn
2020-06-16T01:18:56.557Z,38.1546,-117.9509,9.4,1.8,ml,25,82.38,0.052,0.1335,nn,nn00749061,2020-06-16T01:49:51.344Z,"29 km SSE of Mina, Nevada",earthquake,,0.7,0.35,8,reviewed,nn,nn
2020-06-16T00:59:53.290Z,17.7728,-66.8996,2,2.24,md,19,245,0.2033,0.24,pr,pr2020168000,2020-06-16T01:48:43.509Z,"22 km S of Guánica, Puerto Rico",earthquake,0.64,0.63,0.12,3,reviewed,pr,pr
2020-06-16T00:55:07.600Z,37.3883324,-121.7470016,3.42,2.11,md,39,34,0.02326,0.07,nc,nc73409726,2020-06-16T03:54:04.628Z,"8km ENE of Alum Rock, CA",earthquake,0.16,0.35,0.17,37,automatic,nc,nc
2020-06-16T00:54:03.710Z,38.1638,-117.9992,8.3,0.8,ml,10,138.78,0.041,0.04,nn,nn00749058,2020-06-16T01:04:07.525Z,"26 km SSE of Mina, Nevada",earthquake,,1.1,,,automatic,nn,nn
2020-06-16T00:52:55.280Z,38.1667,-117.9525,13,1.2,ml,12,103.85,0.041,0.11,nn,nn00749057,2020-06-16T01:04:00.522Z,"28 km SSE of Mina, Nevada",earthquake,,1,,,automatic,nn,nn
2020-06-16T00:49:19.461Z,38.1816,-117.8887,10.8,0.7,ml,20,107.4,0.024,0.1592,nn,nn00749056,2020-06-16T03:05:42.098Z,"30 km SE of Mina, Nevada",earthquake,,0.8,0.38,6,reviewed,nn,nn
2020-06-16T00:48:07.510Z,33.7071667,-117.4391667,8.8,1.11,ml,24,45,0.05432,0.2,ci,ci39481272,2020-06-16T00:51:55.001Z,"11km WNW of Lake Elsinore, CA",earthquake,0.33,0.61,0.214,30,automatic,ci,ci
2020-06-16T00:47:31.140Z,38.1833,-117.9828,2.2,0.8,ml,18,91.29,0.016,0.1352,nn,nn00749055,2020-06-16T03:02:34.922Z,"25 km SSE of Mina, Nevada",earthquake,,0.6,0.38,7,reviewed,nn,nn
2020-06-16T00:34:15.883Z,53.917,-166.6692,11.36,4.1,mb,,126,0.121,0.85,us,us6000acjk,2020-06-16T02:07:35.500Z,"8 km WNW of Dutch Harbor, Alaska",earthquake,6.2,5.7,0.06,75,reviewed,us,us
2020-06-16T00:23:12.235Z,38.19,-117.9751,2.3,0.9,ml,18,108.35,0.012,0.2003,nn,nn00749053,2020-06-16T02:56:19.772Z,"25 km SSE of Mina, Nevada",earthquake,,0.7,0.18,7,reviewed,nn,nn
2020-06-16T00:15:55.420Z,33.9998333,-117.0141667,16.03,0.84,ml,23,49,0.08307,0.31,ci,ci39481240,2020-06-16T00:19:37.066Z,"4km ENE of Calimesa, CA",earthquake,0.59,1.19,0.241,25,automatic,ci,ci
2020-06-16T00:15:05.800Z,33.4673333,-116.4741667,11.2,1.14,ml,39,65,0.1017,0.19,ci,ci39481232,2020-06-16T00:26:03.690Z,"21km ESE of Anza, CA",earthquake,0.26,0.62,0.207,26,automatic,ci,ci
2020-06-16T00:04:12.515Z,32.3558,48.9947,10,4.4,mb,,85,3.876,0.77,us,us6000acjc,2020-06-16T00:17:46.040Z,"36 km NNE of Sh?shtar, Iran",earthquake,8.6,1.9,0.079,46,reviewed,us,us
2020-06-16T00:03:49.240Z,35.6436667,-117.4075,5.84,1.65,ml,17,102,0.07239,0.2,ci,ci39481224,2020-06-16T00:07:38.995Z,"14km S of Trona, CA",earthquake,0.49,1.31,0.142,23,automatic,ci,ci
2020-06-15T23:56:55.280Z,32.9621658,-115.5291672,4.21,1.24,ml,17,111,0.06609,0.15,ci,ci39481208,2020-06-16T00:00:50.440Z,"2km S of Brawley, CA",earthquake,0.4,0.98,0.249,3,automatic,ci,ci
2020-06-15T23:52:37.630Z,35.686,-117.4688333,6.42,1.42,ml,16,177,0.09943,0.17,ci,ci39481200,2020-06-15T23:56:17.379Z,"11km SSW of Searles Valley, CA",earthquake,0.54,1.27,0.108,18,automatic,ci,ci
2020-06-15T23:50:53.095Z,53.87,-166.7608,9.1,1.2,ml,,,,0.44,ak,ak0207okqqxb,2020-06-16T00:11:59.562Z,"14 km W of Dutch Harbor, Alaska",earthquake,,0.3,,,reviewed,ak,ak
2020-06-15T23:50:44.120Z,17.9396,-66.9555,13,3.15,md,23,209,0.0842,0.14,pr,pr2020167024,2020-06-16T00:24:44.966Z,"6 km SW of Guánica, Puerto Rico",earthquake,0.62,0.33,0.24,20,reviewed,pr,pr
2020-06-15T23:47:42.810Z,38.1212,-118.1383,0.1,0.8,ml,9,224.19,0.106,0.08,nn,nn00749051,2020-06-16T00:05:01.429Z,"30 km S of Mina, Nevada",earthquake,,8.4,,,automatic,nn,nn
2020-06-15T23:39:58.940Z,17.9698,-66.834,12,2.47,md,23,180,0.0455,0.11,pr,pr2020167023,2020-06-16T00:14:44.614Z,"3 km SSW of Indios, Puerto Rico",earthquake,0.4,0.3,0.34,10,reviewed,pr,pr
2020-06-15T23:36:29.821Z,-2.7948,122.2814,10,4.9,mb,,34,1.808,0.61,us,us6000aciu,2020-06-16T02:08:37.222Z,"133 km N of Kendari, Indonesia",earthquake,6.6,1.9,0.087,41,reviewed,us,us
2020-06-15T23:30:30.825Z,64.9129,-147.2875,20.6,1.5,ml,,,,1.18,ak,ak0207okmf9r,2020-06-15T23:34:56.598Z,"12 km WNW of Two Rivers, Alaska",earthquake,,0.4,,,automatic,ak,ak
2020-06-15T23:28:41.950Z,38.8276672,-122.7860031,2.46,0.56,md,9,65,0.01125,0.02,nc,nc73409721,2020-06-15T23:58:01.963Z,"6km W of Cobb, CA",earthquake,0.49,1.17,,1,automatic,nc,nc
2020-06-15T23:28:34.680Z,38.8110008,-122.8228302,2.08,0.56,md,10,101,0.005397,0.01,nc,nc73409716,2020-06-15T23:53:03.932Z,"7km WNW of The Geysers, CA",earthquake,0.42,0.85,,1,automatic,nc,nc
2020-06-15T23:27:22.445Z,34.984,139.8452,44.78,4.1,mwr,,127,1.401,0.45,us,us6000acir,2020-06-16T05:31:35.574Z,"1 km W of Tateyama, Japan",earthquake,8.1,7.1,0.086,13,reviewed,us,us
2020-06-15T23:02:50.855Z,59.1573,-139.5294,0,1.9,ml,,,,0.77,ak,ak0207okgkrb,2020-06-16T00:10:18.622Z,"44 km SSE of Yakutat, Alaska",ice quake,,0.4,,,automatic,ak,ak
2020-06-15T22:57:34.691Z,63.6755,-148.631,30.8,1.3,ml,,,,0.81,ak,ak0207ok6sak,2020-06-15T23:05:18.631Z,"15 km ESE of McKinley Park, Alaska",earthquake,,1.4,,,automatic,ak,ak
2020-06-15T22:46:38.397Z,64.7856,-148.9803,18.3,1,ml,,,,0.62,ak,ak0207ok4foc,2020-06-15T22:53:24.764Z,"21 km NNE of Four Mile Road, Alaska",earthquake,,0.2,,,automatic,ak,ak
2020-06-15T22:45:02.102Z,60.9663,-150.8168,20.1,1.2,ml,,,,0.25,ak,ak0207ok455t,2020-06-15T22:53:24.145Z,"8 km NW of Point Possession, Alaska",earthquake,,0.7,,,automatic,ak,ak
2020-06-15T22:44:18.680Z,33.7096667,-116.8111667,15.62,1.18,ml,47,24,0.08087,0.2,ci,ci39481144,2020-06-15T22:48:03.532Z,"9km ESE of Valle Vista, CA",earthquake,0.27,0.47,0.289,27,automatic,ci,ci
2020-06-15T22:39:23.760Z,33.4388333,-116.486,8,0.31,ml,17,67,0.1127,0.24,ci,ci39481128,2020-06-15T22:43:07.537Z,"22km SE of Anza, CA",earthquake,0.53,1.9,0.23,5,automatic,ci,ci
2020-06-15T22:32:44.263Z,66.3133,-157.2525,0,1,ml,,,,1.15,ak,ak0207ok1g3u,2020-06-15T22:36:37.899Z,"64 km S of Shungnak, Alaska",earthquake,,0.4,,,automatic,ak,ak
2020-06-15T22:31:45.330Z,38.0436667,-118.7748333,4.49,1.8,md,24,99,0.2971,0.09,nc,nc73409701,2020-06-16T03:23:03.412Z,"28km SE of Bodie, CA",earthquake,0.4,5.81,0.214,21,reviewed,nc,nc
2020-06-15T22:27:39.410Z,38.1685,-117.8867,11.3,1.6,ml,14,84.23,0.019,0.11,nn,nn00749042,2020-06-15T22:32:45.303Z,"31 km SE of Mina, Nevada",earthquake,,0.6,,,automatic,nn,nn
2020-06-15T22:21:16.200Z,38.8161659,-122.8088303,2.73,0.56,md,11,71,0.007284,0.02,nc,nc73409661,2020-06-15T22:29:03.593Z,"6km NW of The Geysers, CA",earthquake,0.38,0.89,0.38,2,automatic,nc,nc
2020-06-15T22:11:21.328Z,38.2315,-117.807,7.8,2.3,ml,25,51.5,0.048,0.1395,nn,nn00749038,2020-06-16T02:19:07.671Z,"31 km SE of Mina, Nevada",earthquake,,0.9,0.48,7,reviewed,nn,nn
2020-06-15T22:08:34.701Z,66.802,-146.9294,10.4,1.4,ml,,,,1.45,ak,ak0207ojwa7u,2020-06-15T22:14:52.456Z,"32 km SW of Venetie, Alaska",earthquake,,0.2,,,automatic,ak,ak
2020-06-15T22:02:23.670Z,38.1425,-117.9662,16.3,1,ml,11,122.88,0.06,0.1,nn,nn00749036,2020-06-15T22:06:43.777Z,"30 km SSE of Mina, Nevada",earthquake,,0.7,,,automatic,nn,nn
2020-06-15T22:00:41.187Z,62.0004,-150.7768,60.5,1.4,ml,,,,0.55,ak,ak0207ojukye,2020-06-15T22:05:18.310Z,"32 km E of Skwentna, Alaska",earthquake,,0.6,,,automatic,ak,ak
2020-06-15T21:58:22.740Z,37.39,-118.581,12.71,1.51,md,14,125,0.03939,0.07,nc,nc73409656,2020-06-15T23:00:04.012Z,"3km SSE of Round Valley, CA",earthquake,0.79,1.47,0.271,13,reviewed,nc,nc
2020-06-15T21:57:08.900Z,37.4058333,-118.6015,8.57,1.4,md,15,114,0.06076,0.21,nc,nc73409651,2020-06-16T01:56:03.817Z,"1km SSW of Round Valley, CA",earthquake,0.67,1.2,0.253,12,reviewed,nc,nc
2020-06-15T21:55:10.300Z,37.3988333,-118.5908333,11.01,2,md,19,109,0.05061,0.08,nc,nc73409646,2020-06-16T01:29:02.633Z,"2km SSE of Round Valley, CA",earthquake,0.34,1.07,0.236,19,reviewed,nc,nc
2020-06-15T21:53:22.700Z,66.4295,-156.5383,5.6,1.1,ml,,,,0.61,ak,ak0207ojkgvi,2020-06-15T21:56:25.386Z,"55 km SSE of Kobuk, Alaska",earthquake,,0.7,,,automatic,ak,ak
2020-06-15T21:43:40.600Z,37.5558333,-118.8401667,3.82,0.5,md,8,289,0.03525,0.03,nc,nc73409636,2020-06-15T22:09:05.297Z,"14km W of Toms Place, CA",earthquake,1.5,1.03,0.287,8,reviewed,nc,nc
2020-06-15T21:31:47.784Z,53.8458,-166.7476,9,1,ml,,,,0.33,ak,ak0207ojfrx6,2020-06-16T00:02:25.678Z,"14 km WSW of Unalaska, Alaska",earthquake,,0.3,,,reviewed,ak,ak
2020-06-15T21:22:29.870Z,35.727,-117.5385,5.4,0.78,ml,8,166,0.1007,0.19,ci,ci39481064,2020-06-15T21:26:08.084Z,"13km WSW of Searles Valley, CA",earthquake,0.64,3.16,0.07,8,automatic,ci,ci
2020-06-15T21:22:07.850Z,53.8648333,-166.7446667,8.26,1.2,ml,14,97,0.03938,0.15,av,av62180331,2020-06-16T03:57:31.200Z,"13 km WSW of Dutch Harbor, Alaska",earthquake,0.4,0.3,0.248,12,reviewed,av,av
2020-06-15T21:20:31.480Z,38.8161659,-122.8130035,2.25,0.55,md,12,78,0.01459,0.02,nc,nc73409631,2020-06-15T21:33:04.095Z,"6km NW of The Geysers, CA",earthquake,0.32,0.69,,1,automatic,nc,nc
2020-06-15T21:19:58.523Z,44.3126,-115.0825,5,2.3,ml,,64,0.892,0.53,us,us6000acil,2020-06-16T05:22:50.500Z,"15 km NW of Stanley, Idaho",earthquake,2.2,1.9,0.06,36,reviewed,us,us
2020-06-15T21:18:47.440Z,53.8615,-166.761,8.4,2.24,ml,8,103,0.04953,0.16,av,av70901284,2020-06-16T03:51:58.360Z,"14 km WSW of Dutch Harbor, Alaska",earthquake,0.4,0.41,0.191,5,reviewed,av,av
2020-06-15T21:16:49.795Z,53.8965,-166.7962,11.34,4.5,mb,,175,0.18,1.3,us,us6000acg7,2020-06-16T04:16:39.985Z,"16 km W of Dutch Harbor, Alaska",earthquake,8.1,5.3,0.04,184,reviewed,us,us
2020-06-15T21:16:14.790Z,53.8716667,-166.7548333,7.81,0.31,ml,7,103,0.04251,0.11,av,av70901274,2020-06-16T03:34:46.880Z,"14 km W of Dutch Harbor, Alaska",earthquake,0.31,0.42,0.18,6,reviewed,av,av
2020-06-15T21:08:53.580Z,53.871,-166.7671667,7.23,-0.72,ml,4,119,0.04975,0.09,av,av70901269,2020-06-16T03:30:42.870Z,"14 km W of Dutch Harbor, Alaska",earthquake,0.36,1.01,0.335,4,reviewed,av,av
2020-06-15T21:01:47.580Z,53.8703333,-166.755,7.9,-0.26,ml,5,118,0.04298,0.14,av,av70901249,2020-06-16T03:00:56.060Z,"14 km W of Dutch Harbor, Alaska",earthquake,0.45,1,0.187,5,reviewed,av,av
2020-06-15T21:01:35.040Z,53.8748333,-166.7621667,8.55,-0.38,ml,4,124,0.04605,0.08,av,av70901244,2020-06-16T02:59:24.600Z,"14 km W of Dutch Harbor, Alaska",earthquake,0.41,0.9,0.277,4,reviewed,av,av
2020-06-15T21:00:31.840Z,53.8745,-166.757,7.41,-0.76,ml,4,124,0.0431,0.07,av,av70901239,2020-06-16T02:57:23.190Z,"14 km W of Dutch Harbor, Alaska",earthquake,0.34,0.89,0.341,4,reviewed,av,av
2020-06-15T20:58:37.810Z,38.2088,-117.7432,0.3,1.1,ml,12,173.2,0.09,0.24,nn,nn00749032,2020-06-15T21:25:01.988Z,"37 km ESE of Mina, Nevada",earthquake,,18,,,automatic,nn,nn
2020-06-15T20:58:25.950Z,53.8753333,-166.7523333,7.97,-0.29,ml,7,111,0.04023,0.08,av,av70901234,2020-06-16T02:43:46.940Z,"13 km W of Dutch Harbor, Alaska",earthquake,0.3,0.33,0.146,7,reviewed,av,av
2020-06-15T20:52:05.059Z,36.2645,-95.21083333,0,1.87,ml,48,133,0.1772652145,0.34,ok,ok2020lswv,2020-06-15T21:37:48.507Z,"4 km ENE of Sportsmen Acres, Oklahoma",quarry blast,,0.4,0.08,9,reviewed,ok,ok
2020-06-15T20:51:27.380Z,38.1843,-117.833,9.2,1.2,ml,10,78.55,0.023,0.04,nn,nn00749031,2020-06-15T20:59:42.949Z,"33 km SE of Mina, Nevada",earthquake,,0.8,,,automatic,nn,nn
2020-06-15T20:44:40.450Z,33.4918333,-116.7995,6.34,0.53,ml,21,49,0.08991,0.13,ci,ci39481008,2020-06-15T20:48:22.864Z,"8km NE of Aguanga, CA",earthquake,0.2,0.8,0.085,14,automatic,ci,ci
2020-06-15T20:39:30.810Z,17.927,-66.948,13,2.37,md,14,216,0.0839,0.18,pr,pr2020167022,2020-06-15T21:46:41.678Z,"6 km SW of Guánica, Puerto Rico",earthquake,0.74,0.39,0.33,9,reviewed,pr,pr
2020-06-15T20:39:10.590Z,38.1755,-117.7657,10.9,1.2,ml,16,82.6,0.054,0.04,nn,nn00749028,2020-06-15T20:47:03.642Z,"38 km SE of Mina, Nevada",earthquake,,1.1,,,automatic,nn,nn
2020-06-15T20:37:59.700Z,19.3694992,-155.0348358,-0.68,1.91,ml,40,175,0.05017,0.28,hv,hv71559857,2020-06-15T20:43:49.900Z,"14 km SE of Fern Forest, Hawaii",earthquake,0.86,0.24,2.52,12,automatic,hv,hv
2020-06-15T20:20:42.960Z,44.5455,-115.2418333,13.65,2.14,ml,11,82,0.765,0.17,mb,mb80438809,2020-06-15T22:30:44.900Z,"43 km NNW of Stanley, Idaho",earthquake,0.5,1.48,0.107,7,reviewed,mb,mb
2020-06-15T20:16:52.680Z,38.134,-118.0392,6.6,1.1,ml,10,127.62,0.032,0.06,nn,nn00749023,2020-06-15T20:31:22.931Z,"29 km SSE of Mina, Nevada",earthquake,,1.4,,,automatic,nn,nn
2020-06-15T20:12:57.250Z,34.3097,25.8176,10,4.2,mb,,126,1.239,0.8,us,us6000acfe,2020-06-15T20:22:38.040Z,"78 km S of Ierápetra, Greece",earthquake,7.2,2,0.103,26,reviewed,us,us
2020-06-15T20:06:58.903Z,38.0676,-118.749,0,1.2,ml,10,220.09,0.266,0.4657,nn,nn00749019,2020-06-15T20:11:18.039Z,"34 km E of Mono City, California",earthquake,,43.1,0.2,5,reviewed,nn,nn
2020-06-15T19:54:45.030Z,19.2146664,-155.397995,29.87,1.86,md,38,152,0.08454,0.12,hv,hv71559807,2020-06-15T19:59:22.190Z,"8 km E of P?hala, Hawaii",earthquake,0.86,0.98,0.13,6,automatic,hv,hv
2020-06-15T19:49:27.220Z,38.8115005,-122.8193359,2.79,0.78,md,23,53,0.008126,0.03,nc,nc73409606,2020-06-15T20:05:04.553Z,"7km NW of The Geysers, CA",earthquake,0.24,0.54,0.14,2,automatic,nc,nc
2020-06-15T19:47:54.975Z,66.2864,-156.7567,0,1.4,ml,,,,1.71,ak,ak0207oicdux,2020-06-15T19:51:17.050Z,"67 km NNW of Huslia, Alaska",earthquake,,0.8,,,automatic,ak,ak
2020-06-15T19:44:01.140Z,33.5853333,-116.7985,7.9,0.54,ml,20,63,0.05483,0.17,ci,ci39480928,2020-06-15T21:00:48.030Z,"12km WNW of Anza, CA",earthquake,0.37,0.85,0.21,12,reviewed,ci,ci
2020-06-15T19:41:01.100Z,38.1713,-118.068,1.2,0.6,ml,8,157.86,0.029,0.07,nn,nn00749017,2020-06-15T20:07:59.610Z,"24 km S of Mina, Nevada",earthquake,,10.1,,,automatic,nn,nn
2020-06-15T19:37:53.220Z,38.1842,-117.8955,11.6,3,ml,25,49.2,0.029,0.1374,nn,nn00749012,2020-06-16T02:19:04.701Z,"29 km SE of Mina, Nevada",earthquake,,0.6,0.27,7,reviewed,nn,nn
2020-06-15T19:34:55.820Z,35.6593333,-117.3901667,2.56,0.82,ml,10,179,0.09341,0.12,ci,ci39480912,2020-06-15T19:38:41.194Z,"12km S of Trona, CA",earthquake,0.66,0.79,0.161,8,automatic,ci,ci
2020-06-15T19:34:15.410Z,38.8151665,-122.8170013,3.07,0.55,md,8,88,0.009838,0.02,nc,nc73409591,2020-06-15T20:22:03.656Z,"7km NW of The Geysers, CA",earthquake,0.4,1.44,,1,automatic,nc,nc
2020-06-15T19:32:41.289Z,69.4057,-143.7768,0,1.3,ml,,,,1.18,ak,ak0207oi952c,2020-06-15T19:36:38.395Z,"81 km S of Kaktovik, Alaska",earthquake,,0.7,,,automatic,ak,ak
2020-06-15T19:20:26.423Z,38.1824,-117.8937,5.5,2.1,ml,24,55.53,0.027,0.1023,nn,nn00749005,2020-06-16T02:19:00.856Z,"29 km SE of Mina, Nevada",earthquake,,0.7,0.42,7,reviewed,nn,nn
2020-06-15T19:06:52.260Z,38.179,-117.861,8.8,0.8,ml,10,188.18,0.031,0.02,nn,nn00749003,2020-06-15T19:21:23.297Z,"31 km SE of Mina, Nevada",earthquake,,4.9,,,automatic,nn,nn
2020-06-15T19:00:25.750Z,35.6696667,-117.4926667,8.99,1.04,ml,13,162,0.08662,0.12,ci,ci39480848,2020-06-15T19:04:09.995Z,"14km SW of Searles Valley, CA",earthquake,0.51,0.78,0.29,11,automatic,ci,ci
2020-06-15T18:56:18.710Z,38.1995,-117.7335,9.4,1.5,ml,19,99.7,0.029,0.09,nn,nn00749000,2020-06-15T19:09:05.734Z,"39 km ESE of Mina, Nevada",earthquake,,2,,,automatic,nn,nn
2020-06-15T18:48:42.460Z,35.6796667,-117.4725,4.43,0.8,ml,10,169,0.09334,0.15,ci,ci39480808,2020-06-15T20:36:13.903Z,"12km SSW of Searles Valley, CA",earthquake,0.61,1.13,0.084,9,reviewed,ci,ci
2020-06-15T18:36:44.190Z,38.1735,-117.7912,9.2,1,ml,11,78.54,0.021,0.25,nn,nn00748998,2020-06-15T18:57:23.160Z,"36 km SE of Mina, Nevada",earthquake,,1.7,,,automatic,nn,nn
2020-06-15T18:32:40.180Z,39.4055,-110.2775,-3.39,2.21,ml,15,190,0.04129,0.26,uu,uu60396782,2020-06-15T20:12:41.460Z,"18 km SSE of Sunnyside, Utah",earthquake,1.25,4.11,0.083,8,reviewed,uu,uu
2020-06-15T18:30:41.160Z,38.1723,-117.814,10.6,1.8,ml,19,63.59,0.012,0.08,nn,nn00748996,2020-06-15T18:37:44.999Z,"35 km SE of Mina, Nevada",earthquake,,0.8,,,automatic,nn,nn
2020-06-15T18:29:58.030Z,38.8216667,-122.8095016,3.05,0.55,md,12,67,0.001783,0.02,nc,nc73409571,2020-06-15T18:41:05.138Z,"7km NW of The Geysers, CA",earthquake,0.38,1.07,,1,automatic,nc,nc
2020-06-15T18:21:31.870Z,38.1693,-118.018,6.4,0.9,ml,10,142.11,0.12,0.08,nn,nn00748994,2020-06-15T18:32:01.223Z,"25 km SSE of Mina, Nevada",earthquake,,8.2,,,automatic,nn,nn
2020-06-15T18:21:19.056Z,61.7932,-150.3763,51.1,1.3,ml,,,,0.74,ak,ak0207ohlav5,2020-06-15T18:26:43.573Z,"18 km WNW of Willow, Alaska",earthquake,,0.8,,,automatic,ak,ak
2020-06-15T18:20:25.110Z,37.6755,-118.9558333,0.54,0.49,md,6,248,0.01586,0.02,nc,nc73409566,2020-06-15T18:58:07.912Z,"5km NNE of Mammoth Lakes, CA",earthquake,0.73,0.41,0.106,4,reviewed,nc,nc
2020-06-15T18:09:48.610Z,34.447,-116.2638333,0.35,1.98,ml,29,91,0.1836,0.13,ci,ci39480728,2020-06-16T05:17:41.100Z,"32km SSW of Ludlow, CA",earthquake,0.21,0.51,0.128,80,reviewed,ci,ci
2020-06-15T18:04:45.400Z,36.0271683,-120.6028366,1.67,1.09,md,8,190,0.0419,0.05,nc,nc73409561,2020-06-15T18:21:03.897Z,"21km NW of Parkfield, CA",earthquake,1.32,3.41,0.21,2,automatic,nc,nc
2020-06-15T18:03:04.940Z,38.1623,-118.0697,4.8,1.4,ml,15,137.58,0.015,0.11,nn,nn00748988,2020-06-15T18:13:02.185Z,"25 km S of Mina, Nevada",earthquake,,1.2,,,automatic,nn,nn
2020-06-15T18:00:10.364Z,60.0016,-152.1218,99.8,1.3,ml,,,,0.83,ak,ak0207ohgs5o,2020-06-15T18:03:29.357Z,"22 km WNW of Happy Valley, Alaska",earthquake,,1.1,,,automatic,ak,ak
2020-06-15T17:59:10.460Z,35.755,-117.5733333,4.37,0.9,ml,13,150,0.06372,0.2,ci,ci39480720,2020-06-15T20:36:27.902Z,"15km W of Searles Valley, CA",earthquake,0.6,1.09,0.06,10,reviewed,ci,ci
2020-06-15T17:55:07.880Z,33.5071667,-116.7783333,6.72,0.36,ml,20,66,0.06744,0.18,ci,ci39480712,2020-06-15T17:58:52.604Z,"11km NE of Aguanga, CA",earthquake,0.33,0.73,0.092,9,automatic,ci,ci
2020-06-15T17:39:05.700Z,38.162,-118.0338,1.4,1.2,ml,16,137.06,0.022,0.11,nn,nn00748985,2020-06-15T17:55:42.717Z,"26 km SSE of Mina, Nevada",earthquake,,9.5,,,automatic,nn,nn
2020-06-15T17:34:37.512Z,64.6289,-147.6649,10.5,0.4,ml,,,,0.41,ak,ak0207oh2ozt,2020-06-15T17:38:13.526Z,"20 km SSW of Badger, Alaska",earthquake,,0.6,,,automatic,ak,ak
2020-06-15T17:33:27.670Z,36.38283333,-95.72316667,0,1.4,ml,41,137,0.602881694,0.44,ok,ok2020lsqg,2020-06-15T17:40:59.108Z,"7 km S of Oologah, Oklahoma",quarry blast,,0.6,0.19,19,reviewed,ok,ok
2020-06-15T17:33:22.180Z,35.0588333,-118.9565,12.67,1.17,ml,13,74,0.1239,0.29,ci,ci39480632,2020-06-15T17:37:08.330Z,"13km N of Grapevine, CA",earthquake,0.68,2.12,0.078,14,automatic,ci,ci
2020-06-15T17:29:45.271Z,-37.8492,177.5155,36.7,4.9,mww,,107,0.689,0.69,us,us6000acbn,2020-06-16T05:49:20.935Z,"26 km NE of Opotiki, New Zealand",earthquake,7.6,7.2,0.093,11,reviewed,us,us
2020-06-15T17:24:32.690Z,45.9098333,-112.2626667,-2,0.41,md,6,118,0.158,0.22,mb,mb80438889,2020-06-15T21:29:03.240Z,"13 km WNW of Whitehall, Montana",quarry blast,1.46,31.61,0.259,4,reviewed,mb,mb
2020-06-15T17:22:28.660Z,36.0461667,-117.6465,-0.19,0.78,ml,7,167,0.09811,0.11,ci,ci39480608,2020-06-15T17:26:07.393Z,"26km ENE of Little Lake, CA",earthquake,0.45,31.61,0.084,8,automatic,ci,ci
2020-06-15T17:22:18.250Z,38.0467,-118.1673,0,0.8,ml,12,139.85,0.205,0.22,nn,nn00748983,2020-06-15T17:40:22.033Z,"37 km NE of Benton, California",earthquake,,18.6,,,automatic,nn,nn
2020-06-15T17:19:29.150Z,24.9243,123.252,10,4.7,mb,,82,0.505,0.7,us,us6000acb9,2020-06-15T17:34:22.040Z,"56 km NNE of Yonakuni, Japan",earthquake,5.7,1.9,0.098,32,reviewed,us,us
2020-06-15T17:12:25.790Z,35.7518333,-117.5686667,4.41,0.71,ml,17,85,0.06795,0.18,ci,ci39480568,2020-06-15T22:35:41.515Z,"15km W of Searles Valley, CA",earthquake,0.29,0.62,0.074,9,reviewed,ci,ci
2020-06-15T17:11:58.514Z,61.6481,-142.0438,0,1.8,ml,,,,1.05,ak,ak0207ogxt3z,2020-06-15T17:16:58.322Z,"52 km ENE of McCarthy, Alaska",earthquake,,0.3,,,automatic,ak,ak
2020-06-15T17:08:20.330Z,38.1572,-117.966,0.2,1.5,ml,14,103.02,0.052,0.11,nn,nn00748978,2020-06-15T17:20:03.873Z,"28 km SSE of Mina, Nevada",earthquake,,4.4,,,automatic,nn,nn
2020-06-15T17:07:35.070Z,38.1828,-117.9597,0.7,0.3,ml,9,124.14,0.029,0.12,nn,nn00748979,2020-06-15T17:20:11.640Z,"26 km SSE of Mina, Nevada",earthquake,,9.9,,,automatic,nn,nn
2020-06-15T17:07:11.380Z,35.7661667,-117.5991667,15.05,1.09,ml,15,140,0.04949,0.19,ci,ci39480560,2020-06-15T20:37:03.904Z,"18km NNE of Ridgecrest, CA",earthquake,0.43,0.66,0.264,13,reviewed,ci,ci
2020-06-15T17:02:33.520Z,38.1377,-117.9583,7.1,1.3,ml,14,104.8,0.06,0.06,nn,nn00748975,2020-06-15T17:09:24.569Z,"30 km SSE of Mina, Nevada",earthquake,,1.3,,,automatic,nn,nn
2020-06-15T17:00:05.600Z,33.848,-117.4943333,1.57,1.26,ml,26,82,0.05114,0.21,ci,ci39480544,2020-06-15T17:03:52.278Z,"4km SE of Home Gardens, CA",quarry blast,0.32,0.53,0.186,33,automatic,ci,ci
2020-06-15T16:57:37.366Z,38.1223,-118.032,1.8,2.9,ml,26,56.06,0.041,0.142,nn,nn00748970,2020-06-16T02:18:56.165Z,"30 km SSE of Mina, Nevada",earthquake,,0.8,0.54,8,reviewed,nn,nn
2020-06-15T16:56:04.370Z,38.1632,-118.0192,0,1.5,ml,13,133.86,0.189,0.11,nn,nn00748967,2020-06-15T16:59:41.658Z,"26 km SSE of Mina, Nevada",earthquake,,11.4,,,automatic,nn,nn
2020-06-15T16:55:02.049Z,37.8746,141.5434,80.15,4.5,mb,,105,2.934,0.71,us,us6000acb1,2020-06-15T18:31:04.040Z,"63 km ESE of Watari, Japan",earthquake,9.3,6.3,0.049,125,reviewed,us,us
2020-06-15T16:52:58.075Z,62.3234,-150.3073,17.2,1.4,ml,,,,0.65,ak,ak0207ogl5va,2020-06-15T16:57:33.276Z,"4 km W of Trapper Creek, Alaska",earthquake,,0.2,,,automatic,ak,ak
2020-06-15T16:51:29.590Z,35.6763333,-117.5161667,11.33,1.23,ml,16,155,0.154,0.2,ci,ci39480504,2020-06-15T16:55:15.505Z,"14km SW of Searles Valley, CA",earthquake,0.47,1.44,0.151,14,automatic,ci,ci
2020-06-15T16:48:49.940Z,18.921,-67.6836,8,3.47,md,16,221,0.5742,0.48,pr,pr2020167021,2020-06-15T18:20:54.040Z,"77 km NW of San Antonio, Puerto Rico",earthquake,1.93,2,0.12,12,reviewed,pr,pr
2020-06-15T16:46:13.120Z,35.9095,-117.7076667,2.5,0.7,ml,10,79,0.06025,0.09,ci,ci39480496,2020-06-15T16:49:43.383Z,"18km E of Little Lake, CA",earthquake,0.17,0.32,0.135,8,automatic,ci,ci
2020-06-15T16:42:14.760Z,38.8255005,-122.7911682,0.41,0.74,md,9,125,0.01291,0.06,nc,nc73409526,2020-06-15T16:43:52.980Z,"6km W of Cobb, CA",earthquake,0.37,0.87,,1,automatic,nc,nc
2020-06-15T16:40:35.204Z,59.6821,-152.3133,70.7,1.6,ml,,,,0.52,ak,ak0207ogijhv,2020-06-15T16:44:39.503Z,"29 km WSW of Anchor Point, Alaska",earthquake,,0.5,,,automatic,ak,ak
2020-06-15T16:39:24.040Z,36.8961678,-121.6186676,1.56,2.34,md,6,165,0.04899,0.01,nc,nc73409521,2020-06-15T21:40:05.131Z,"2km ENE of Aromas, CA",earthquake,0.5,1.18,0.14,5,automatic,nc,nc
2020-06-15T16:39:23.130Z,35.847,-117.6758333,10.93,0.74,ml,14,86,0.07088,0.17,ci,ci39480480,2020-06-15T16:43:07.758Z,"23km ESE of Little Lake, CA",earthquake,0.38,0.73,0.096,9,automatic,ci,ci
2020-06-15T16:32:15.390Z,38.1522,-117.9978,0.1,1,ml,14,134.69,0.043,0.2,nn,nn00748964,2020-06-15T16:39:22.199Z,"28 km SSE of Mina, Nevada",earthquake,,7.3,,,automatic,nn,nn
2020-06-15T16:32:11.330Z,40.7311667,-112.0643333,8.92,0.66,md,11,89,0.02467,0.09,uu,uu60396757,2020-06-15T18:19:11.590Z,"3 km NE of Magna, Utah",earthquake,0.44,0.89,0.07,3,reviewed,uu,uu
2020-06-15T16:31:42.320Z,18.9506,-66.8455,28,3.33,md,12,272,0.5513,0.28,pr,pr2020167020,2020-06-15T16:59:46.561Z,"51 km N of Hatillo, Puerto Rico",earthquake,1.25,5.81,0.07,6,reviewed,pr,pr
2020-06-15T16:28:17.174Z,61.5794,-148.0454,15.6,1.1,ml,,,,1.29,ak,ak0207ogfsaz,2020-06-15T16:31:15.833Z,"32 km SE of Chickaloon, Alaska",earthquake,,0.2,,,automatic,ak,ak
2020-06-15T16:23:29.740Z,35.9985008,-120.5654984,3.13,2.34,md,30,83,0.02583,0.06,nc,nc73409516,2020-06-15T19:58:03.505Z,"16km NW of Parkfield, CA",earthquake,0.25,0.41,0.1,21,automatic,nc,nc
2020-06-15T16:21:20.920Z,38.123,-117.6043,29.4,0.4,ml,11,112.98,0.037,0.15,nn,nn00748962,2020-06-15T16:27:41.798Z,"33 km W of Tonopah, Nevada",earthquake,,5.1,,,automatic,nn,nn
2020-06-15T16:16:19.570Z,39.4091667,-110.3,-2.2,1.72,ml,10,201,0.0245,0.14,uu,uu60396747,2020-06-15T18:11:27.430Z,"17 km SSE of Sunnyside, Utah",earthquake,0.78,1.01,0.107,6,reviewed,uu,uu
2020-06-15T16:16:13.140Z,38.1774,-117.8042,9.5,1.8,ml,25,49.37,0.055,0.1475,nn,nn00748959,2020-06-16T02:18:52.653Z,"35 km SE of Mina, Nevada",earthquake,,0.9,0.25,7,reviewed,nn,nn
2020-06-15T16:15:46.570Z,61.4524,-147.6533,27.2,1.4,ml,,,,0.76,ak,ak0207ogd7hd,2020-06-15T16:18:38.799Z,"39 km S of Glacier View, Alaska",earthquake,,0.3,,,automatic,ak,ak
2020-06-15T16:14:02.630Z,38.1893,-117.8843,5.9,1,ml,11,113.92,0.016,0.03,nn,nn00748958,2020-06-15T16:17:41.407Z,"29 km SE of Mina, Nevada",earthquake,,2.8,,,automatic,nn,nn
2020-06-15T16:12:04.510Z,38.8195,-122.8106689,2.68,0.83,md,13,63,0.003917,0.02,nc,nc73409511,2020-06-15T16:35:03.758Z,"7km NW of The Geysers, CA",earthquake,0.3,0.74,0.33,2,automatic,nc,nc
2020-06-15T16:04:32.800Z,46.9476666666667,-121.956333333333,13.27,0.11,md,11,130,0.01275,0.08,uw,uw61631857,2020-06-15T17:24:31.160Z,"16 km SSE of Carbonado, Washington",earthquake,0.62,0.65,0.204373798419176,11,reviewed,uw,uw
2020-06-15T16:00:38.375Z,62.7249,-151.0586,43.7,1.1,ml,,,,1.37,ak,ak0207og9z3x,2020-06-15T16:10:26.643Z,"29 km NNW of Petersville, Alaska",earthquake,,7.7,,,automatic,ak,ak
2020-06-15T16:00:25.480Z,36.215,-95.86516667,0,1.59,ml,41,131,0.3095392578,0.49,ok,ok2020lsne,2020-06-15T16:14:10.369Z,"6 km S of Owasso, Oklahoma",quarry blast,,0.6,0.14,20,reviewed,ok,ok
2020-06-15T15:58:15.310Z,33.5848333,-116.8026667,7.1,0.55,ml,26,41,0.03338,0.11,ci,ci39480440,2020-06-15T20:38:48.070Z,"12km WNW of Anza, CA",earthquake,0.19,0.4,0.124,17,reviewed,ci,ci
2020-06-15T15:53:06.770Z,60.7538,-151.3965,51.9,1.1,ml,,,,0.39,ak,ak0207ofztzj,2020-06-15T16:10:26.157Z,"9 km NW of Nikiski, Alaska",earthquake,,1,,,automatic,ak,ak
2020-06-15T15:51:37.310Z,33.4433333,-116.6363333,5.88,0.77,ml,26,43,0.05445,0.14,ci,ci39480432,2020-06-15T20:37:54.285Z,"13km SSE of Anza, CA",earthquake,0.23,0.5,0.125,19,reviewed,ci,ci
2020-06-15T15:47:19.142Z,24.7596,123.0748,10,4.7,mb,,49,0.296,0.55,us,us6000ac9p,2020-06-15T16:27:05.040Z,"33 km NNE of Yonakuni, Japan",earthquake,4.3,1.7,0.091,37,reviewed,us,us
2020-06-15T15:34:50.840Z,48.1643333333333,-121.674166666667,3.08,0.75,md,6,184,0.1723,0.11,uw,uw61631852,2020-06-15T18:22:40.130Z,"11 km NE of Verlot, Washington",earthquake,0.52,8.26,0.159463420138888,5,reviewed,uw,uw
2020-06-15T15:32:06.940Z,38.1755,-117.9218,1.9,1,ml,11,119.53,0.031,0.07,nn,nn00748955,2020-06-15T16:00:41.231Z,"28 km SE of Mina, Nevada",earthquake,,8.2,,,automatic,nn,nn
2020-06-15T15:31:45.590Z,19.1963329,-155.411499,32.47,2.15,md,49,158,0.04304,0.12,hv,hv71559602,2020-06-15T15:35:22.500Z,"7 km E of P?hala, Hawaii",earthquake,0.51,0.7,0.19,20,automatic,hv,hv
2020-06-15T15:28:28.840Z,38.7866669,-122.7556686,2.12,0.57,md,9,124,0.01429,0.02,nc,nc73409496,2020-06-15T17:26:03.300Z,"1km N of The Geysers, CA",earthquake,0.37,0.83,,1,automatic,nc,nc
2020-06-15T15:25:34.340Z,35.8805,-117.7083333,10.45,1.04,ml,18,68,0.08208,0.15,ci,ci39480408,2020-06-15T15:29:18.755Z,"19km ESE of Little Lake, CA",earthquake,0.32,0.52,0.165,14,automatic,ci,ci
2020-06-15T15:24:39.974Z,24.8918,123.2695,10,4.5,mb,,84,0.483,0.43,us,us6000ac9e,2020-06-15T16:08:21.040Z,"54 km NNE of Yonakuni, Japan",earthquake,5.7,1.9,0.106,26,reviewed,us,us
2020-06-15T15:23:50.350Z,38.157,-117.9672,0.1,0.8,ml,12,116.27,0.046,0.08,nn,nn00748953,2020-06-15T15:33:41.308Z,"28 km SSE of Mina, Nevada",earthquake,,6.9,,,automatic,nn,nn
2020-06-15T15:22:47.810Z,38.1647,-117.8888,12.9,1.1,ml,15,97.72,0.035,0.1,nn,nn00748951,2020-06-15T15:26:24.940Z,"31 km SE of Mina, Nevada",earthquake,,1.2,,,automatic,nn,nn
2020-06-15T15:21:54.320Z,38.1327,-118.077,2.5,0.5,ml,9,161.88,0.036,0.1,nn,nn00748950,2020-06-15T15:25:20.424Z,"28 km S of Mina, Nevada",earthquake,,11.3,,,automatic,nn,nn
2020-06-15T15:16:30.201Z,38.1515,-117.9615,1,2,ml,25,96.14,0.051,0.1642,nn,nn00748947,2020-06-16T02:18:50.463Z,"29 km SSE of Mina, Nevada",earthquake,,1.1,0.46,8,reviewed,nn,nn
2020-06-15T15:15:54.020Z,33.4801667,-116.7956667,6.18,0.42,ml,15,72,0.098,0.1,ci,ci39480376,2020-06-15T20:38:12.089Z,"8km ENE of Aguanga, CA",earthquake,0.24,0.95,0.082,11,reviewed,ci,ci
2020-06-15T15:06:32.675Z,65.095,-161.0491,0,1.4,ml,,,,0.95,ak,ak0207ofptcz,2020-06-15T15:09:31.063Z,"18 km NNE of Koyuk, Alaska",earthquake,,0.4,,,automatic,ak,ak
2020-06-15T15:05:08.790Z,44.5256667,-115.2528333,16.73,2.07,ml,11,83,0.774,0.2,mb,mb80438619,2020-06-15T21:05:29.500Z,"42 km NW of Stanley, Idaho",earthquake,0.58,1.33,0.136,9,reviewed,mb,mb
2020-06-15T15:02:42.830Z,17.9391,-66.9401,13,3.04,md,22,200,0.0707,0.17,pr,pr2020167019,2020-06-15T15:35:38.040Z,"4 km SW of Guánica, Puerto Rico",earthquake,0.62,0.31,0.23,13,reviewed,pr,pr
2020-06-15T14:59:06.250Z,33.3836667,-116.2615,8.94,0.7,ml,15,85,0.1739,0.22,ci,ci39480368,2020-06-15T15:02:52.567Z,"18km WSW of Oasis, CA",earthquake,0.47,2.23,0.07,11,automatic,ci,ci
2020-06-15T14:57:59.300Z,33.4838333,-116.4933333,9.96,0.41,ml,19,69,0.07993,0.12,ci,ci39480360,2020-06-15T23:31:58.840Z,"18km ESE of Anza, CA",earthquake,0.21,0.58,0.001,1,reviewed,ci,ci
2020-06-15T14:50:34.660Z,44.689,-110.981,6.29,0.58,md,10,95,0.02331,0.12,uu,uu60396737,2020-06-15T15:27:23.100Z,"10 km ENE of West Yellowstone, Montana",earthquake,0.4,0.65,0.346,5,reviewed,uu,uu
2020-06-15T14:48:16.830Z,33.3915,-116.42,11.07,0.58,ml,13,71,0.09684,0.14,ci,ci39480352,2020-06-15T14:52:03.047Z,"16km NNW of Borrego Springs, CA",earthquake,0.34,0.74,0.122,7,automatic,ci,ci
2020-06-15T14:47:57.870Z,37.6595,-118.8201667,2.43,0.49,md,8,174,0.01946,0.1,nc,nc73409486,2020-06-15T19:16:04.214Z,"14km E of Mammoth Lakes, CA",earthquake,0.6,1.31,0.245,8,reviewed,nc,nc
2020-06-15T14:42:06.532Z,61.4176,-152.2927,120.2,1.8,ml,,,,0.45,ak,ak0207ofc1h7,2020-06-15T14:46:45.505Z,"71 km WNW of Beluga, Alaska",earthquake,,0.4,,,automatic,ak,ak
2020-06-15T14:38:24.100Z,33.4048333,-116.3515,8.71,0.84,ml,27,109,0.05498,0.21,ci,ci39480328,2020-06-15T20:38:42.945Z,"17km N of Borrego Springs, CA",earthquake,0.34,1.01,0.096,17,reviewed,ci,ci
2020-06-15T14:37:43.500Z,38.1685,-117.907,6.4,1.3,ml,12,169.25,0.048,0.15,nn,nn00748942,2020-06-15T14:49:42.269Z,"30 km SE of Mina, Nevada",earthquake,,0.6,,,automatic,nn,nn
2020-06-15T14:34:00.725Z,44.2879,-115.1849,10,2.8,ml,,66,0.914,0.79,us,us6000ac8c,2020-06-15T22:38:37.710Z,"21 km WNW of Stanley, Idaho",earthquake,1.9,2,0.049,54,reviewed,us,us
2020-06-15T14:33:56.120Z,19.2168331,-155.3766632,33.09,2.07,ml,54,157,0.02847,0.14,hv,hv71559517,2020-06-15T14:39:48.400Z,"10 km E of P?hala, Hawaii",earthquake,0.63,0.69,3.32,13,automatic,hv,hv
2020-06-15T14:32:09.653Z,57.5191,-151.944,6,2.1,ml,,,,1.02,ak,ak0207of9wlt,2020-06-15T14:37:22.432Z,"22 km ESE of Chiniak, Alaska",earthquake,,0.3,,,automatic,ak,ak
2020-06-15T14:27:45.400Z,38.1975,-117.9962,6.3,0.8,ml,10,106.73,0.034,0.07,nn,nn00748940,2020-06-15T14:38:41.837Z,"23 km SSE of Mina, Nevada",earthquake,,0.7,,,automatic,nn,nn
2020-06-15T14:21:04.240Z,38.836834,-122.8176651,-0.42,0.56,md,9,77,0.01403,0.04,nc,nc73409476,2020-06-15T16:17:03.649Z,"8km WNW of Cobb, CA",earthquake,0.3,2.01,,1,automatic,nc,nc
2020-06-15T14:18:48.738Z,61.1949,-147.7697,33.8,1.6,ml,,,,0.7,ak,ak0207of6zl5,2020-06-15T14:25:28.867Z,"67 km ESE of Knik River, Alaska",earthquake,,0.9,,,automatic,ak,ak
2020-06-15T14:15:09.970Z,48.1723333333333,-121.686,3.04,0.56,ml,5,181,0.1632,0.07,uw,uw61631807,2020-06-15T18:24:00.630Z,"11 km SW of Darrington, Washington",earthquake,0.54,8.2,0.0878334326680524,3,reviewed,uw,uw
2020-06-15T14:09:26.900Z,38.155,-118.0132,11.9,1.1,ml,16,129.06,0.088,0.08,nn,nn00748936,2020-06-15T14:18:41.772Z,"27 km SSE of Mina, Nevada",earthquake,,1.2,,,automatic,nn,nn
2020-06-15T14:06:18.730Z,38.189,-117.899,9.6,0.1,ml,10,124.8,0.034,0.05,nn,nn00748934,2020-06-15T14:10:40.917Z,"28 km SE of Mina, Nevada",earthquake,,4.2,,,automatic,nn,nn
2020-06-15T14:03:53.280Z,39.0286667,-123.6988333,3.42,1.42,md,7,207,0.1788,0.1,nc,nc71112634,2020-06-16T00:01:03.985Z,"13km N of Point Arena, CA",earthquake,0.68,3.69,0.028,6,reviewed,nc,nc
2020-06-15T14:03:43.630Z,39.3631667,-123.2431667,7.75,1.25,md,16,79,0.06824,0.08,nc,nc73409466,2020-06-16T00:13:03.069Z,"11km ESE of Willits, CA",earthquake,0.29,0.44,0.113,9,reviewed,nc,nc
2020-06-15T14:02:12.025Z,61.9363,-154.3474,8.8,1.1,ml,,,,0.41,ak,ak0207of3hb1,2020-06-15T14:06:03.889Z,"86 km NE of Lime Village, Alaska",earthquake,,0.7,,,automatic,ak,ak
2020-06-15T13:47:15.931Z,24.854,123.2443,13.47,5.2,mww,,66,0.439,0.58,us,us6000ac7p,2020-06-15T14:41:01.040Z,"49 km NNE of Yonakuni, Japan",earthquake,5.4,1,0.061,26,reviewed,us,us
2020-06-15T13:45:45.240Z,45.979,-111.262,9.32,1.89,ml,13,175,0.453,0.09,mb,mb80438574,2020-06-15T21:38:44.850Z,"10 km SE of Ponderosa Pines, Montana",earthquake,0.6,1.04,0.125,10,reviewed,mb,mb
2020-06-15T13:36:52.140Z,38.1638,-117.888,10.6,1.5,ml,16,88.96,0.032,0.11,nn,nn00748931,2020-06-15T14:07:24.719Z,"31 km SE of Mina, Nevada",earthquake,,0.6,,,automatic,nn,nn
2020-06-15T13:35:11.300Z,35.6468333,-117.4396667,1.33,0.87,ml,7,177,0.1362,0.23,ci,ci39480280,2020-06-15T13:38:48.471Z,"14km SSW of Searles Valley, CA",earthquake,1.17,1.43,0.096,8,automatic,ci,ci
2020-06-15T13:33:48.710Z,38.1388,-117.9435,9.6,0.9,ml,9,110.21,0.033,0.04,nn,nn00748930,2020-06-15T13:38:56.423Z,"31 km SSE of Mina, Nevada",earthquake,,1.6,,,automatic,nn,nn
2020-06-15T13:30:58.260Z,24.8724,123.3029,10,4.5,mb,,86,0.482,0.95,us,us6000ac7l,2020-06-15T14:17:28.040Z,"54 km NE of Yonakuni, Japan",earthquake,5.9,1.9,0.131,17,reviewed,us,us
2020-06-15T13:26:10.350Z,46.7533333333333,-121.917333333333,7.37,0.8,ml,10,255,0.07413,0.08,uw,uw61631782,2020-06-15T17:30:42.950Z,"8 km E of Ashford, Washington",earthquake,0.62,0.74,0.0820447607626397,5,reviewed,uw,uw
2020-06-15T13:24:35.350Z,38.1755,-118.0145,2.1,0.1,ml,8,166.4,0.026,0.04,nn,nn00748928,2020-06-15T13:35:59.672Z,"25 km SSE of Mina, Nevada",earthquake,,8.9,,,automatic,nn,nn
2020-06-15T13:21:15.960Z,38.2243333,-119.1341667,4.07,1.89,md,13,126,0.271,0.19,nc,nc73409461,2020-06-15T21:23:57.979Z,"9km ESE of Bridgeport, CA",earthquake,0.47,11.24,0.263,17,reviewed,nc,nc
2020-06-15T13:13:19.830Z,38.1917,-117.9125,5.8,1.6,ml,16,79.05,0.044,0.05,nn,nn00748923,2020-06-15T13:22:22.439Z,"27 km SE of Mina, Nevada",earthquake,,0.4,,,automatic,nn,nn
2020-06-15T13:10:58.010Z,44.679,-111.8748333,11.32,0.94,ml,14,112,0.158,0.27,mb,mb80438554,2020-06-15T16:53:11.350Z,"43 km NE of Spencer, Idaho",earthquake,0.84,1.29,0.095,6,reviewed,mb,mb
2020-06-15T13:07:31.280Z,48.1638333333333,-121.6725,2.23,0.76,ml,6,184,0.1735,0.06,uw,uw61631762,2020-06-15T18:43:20.430Z,"11 km NE of Verlot, Washington",earthquake,0.36,4.42,0.0789687791792532,2,reviewed,uw,uw
2020-06-15T13:07:14.430Z,38.1612,-117.9748,10.5,1.2,ml,20,106.59,0.046,0.11,nn,nn00748920,2020-06-15T13:14:23.655Z,"28 km SSE of Mina, Nevada",earthquake,,0.8,,,automatic,nn,nn
2020-06-15T12:59:39.340Z,38.1325,-118.062,0.1,1.1,ml,15,115.2,0.032,0.13,nn,nn00748917,2020-06-15T13:08:01.702Z,"28 km S of Mina, Nevada",earthquake,,10.7,,,automatic,nn,nn
2020-06-15T12:35:03.701Z,65.9899,-149.3298,0,0.9,ml,,,,0.81,ak,ak0207oe3o2b,2020-06-15T12:41:05.355Z,"11 km W of Stevens Village, Alaska",earthquake,,0.5,,,automatic,ak,ak
2020-06-15T12:33:38.350Z,38.1883,-117.8957,7.8,0.5,ml,11,107.1,0.043,0.07,nn,nn00748915,2020-06-15T13:01:07.942Z,"29 km SE of Mina, Nevada",earthquake,,2,,,automatic,nn,nn
2020-06-15T12:32:56.950Z,38.124,-118.0493,1.6,0.5,ml,10,159.63,0.039,0.18,nn,nn00748914,2020-06-15T13:01:00.546Z,"30 km S of Mina, Nevada",earthquake,,17.1,,,automatic,nn,nn
2020-06-15T12:29:51.380Z,38.1385,-118.0508,3.1,1.2,ml,12,126.22,0.022,0.08,nn,nn00748913,2020-06-15T12:35:01.962Z,"28 km S of Mina, Nevada",earthquake,,1.5,,,automatic,nn,nn
2020-06-15T12:26:36.860Z,38.8003349,-122.7711639,2.13,0.91,md,20,71,0.008953,0.02,nc,nc73409446,2020-06-15T13:04:03.487Z,"3km NNW of The Geysers, CA",earthquake,0.25,0.41,0.03,3,automatic,nc,nc
2020-06-15T12:20:08.380Z,38.8111649,-122.8396683,8.21,0.78,md,18,66,0.006267,0.11,nc,nc73409441,2020-06-15T12:53:04.417Z,"8km WNW of The Geysers, CA",earthquake,0.77,1.12,0.14,2,automatic,nc,nc
2020-06-15T12:18:31.090Z,38.1668,-118.0323,5.5,1.4,ml,19,91.89,0.018,0.15,nn,nn00748909,2020-06-15T12:29:03.665Z,"25 km SSE of Mina, Nevada",earthquake,,0.9,,,automatic,nn,nn
2020-06-15T12:09:39.626Z,62.0112,-147.4669,35.8,1.2,ml,,,,0.42,ak,ak0207ody68a,2020-06-15T12:15:38.680Z,"17 km WNW of Eureka Roadhouse, Alaska",earthquake,,0.6,,,automatic,ak,ak
2020-06-15T12:08:33.607Z,24.9356,123.3251,10,4.4,mb,,95,0.546,0.56,us,us6000ac6k,2020-06-15T14:10:15.040Z,"61 km NNE of Yonakuni, Japan",earthquake,3.4,1.9,0.101,28,reviewed,us,us
2020-06-15T12:06:18.110Z,38.2025,-117.7302,9,1.4,ml,18,123.28,0.027,0.07,nn,nn00748906,2020-06-15T12:19:42.296Z,"39 km ESE of Mina, Nevada",earthquake,,2.1,,,automatic,nn,nn
2020-06-15T12:03:32.080Z,38.1487,-118.0867,4.7,1.1,ml,12,128.05,0.028,0.06,nn,nn00748904,2020-06-15T12:07:08.717Z,"26 km S of Mina, Nevada",earthquake,,1.6,,,automatic,nn,nn
2020-06-15T12:02:35.910Z,38.1428,-118.0497,1.6,0.9,ml,13,125.31,0.017,0.1,nn,nn00748902,2020-06-15T12:07:01.048Z,"27 km S of Mina, Nevada",earthquake,,10.5,,,automatic,nn,nn
2020-06-15T11:59:44.397Z,62.5121,-149.8642,13.9,1.1,ml,,,,0.27,ak,ak0207odngsp,2020-06-15T12:04:45.284Z,"14 km ENE of Chase, Alaska",earthquake,,0.2,,,automatic,ak,ak
2020-06-15T11:56:55.940Z,38.1677,-117.8248,10.9,0.9,ml,12,85.57,0.033,0.21,nn,nn00748900,2020-06-15T12:03:41.952Z,"35 km SE of Mina, Nevada",earthquake,,1.3,,,automatic,nn,nn
2020-06-15T11:50:03.030Z,38.1668,-117.8912,8,1.5,ml,17,84.84,0.024,0.16,nn,nn00748897,2020-06-15T11:58:03.355Z,"31 km SE of Mina, Nevada",earthquake,,0.8,,,automatic,nn,nn
2020-06-15T11:49:02.340Z,41.8081666666667,-124.972,-1,1.81,ml,13,301,0.6872,6.72,uw,uw61631752,2020-06-15T18:37:38.950Z,"63 km WSW of Brookings, Oregon",earthquake,55.73,81.82,0.146341438041161,7,reviewed,uw,uw
2020-06-15T11:48:45.130Z,40.4006653,-125.1276703,0.67,2.9,md,19,282,0.6104,0.23,nc,nc73409421,2020-06-15T17:59:44.551Z,"72km W of Petrolia, CA",earthquake,4.88,10,0.02,4,automatic,nc,nc
2020-06-15T11:48:29.350Z,35.6461667,-117.4231667,3.19,1.84,ml,27,96,0.1301,0.16,ci,ci39480216,2020-06-15T13:42:12.460Z,"14km S of Searles Valley, CA",earthquake,0.3,1.1,0.133,26,reviewed,ci,ci
2020-06-15T11:47:52.100Z,37.5388333,-118.8366667,4.06,0.5,md,15,288,0.05146,0.03,nc,nc73409411,2020-06-15T19:11:03.181Z,"14km W of Toms Place, CA",earthquake,0.94,31.61,0.213,12,reviewed,nc,nc
2020-06-15T11:47:05.890Z,37.5463333,-118.8328333,4.99,1.18,md,21,150,0.04372,0.05,nc,nc73409406,2020-06-16T00:20:03.116Z,"14km W of Toms Place, CA",earthquake,0.36,0.75,0.202,19,reviewed,nc,nc
2020-06-15T11:46:30.010Z,37.5588333,-119.1161667,1.6,0.75,md,14,132,0.07892,0.11,nc,nc73409426,2020-06-15T19:14:18.202Z,"15km SW of Mammoth Lakes, CA",earthquake,0.64,1.79,0.178,9,reviewed,nc,nc
2020-06-15T11:46:18.033Z,68.279,-158.4529,0,1.3,ml,,,,0.67,ak,ak0207odkmgb,2020-06-15T11:49:50.784Z,"135 km N of Ambler, Alaska",earthquake,,0.4,,,automatic,ak,ak
2020-06-15T11:44:22.910Z,36.9546667,-90.4213333,1.08,2.78,md,70,51,0.176,0.16,nm,nm60295507,2020-06-16T02:09:36.709Z,"11 km E of Williamsville, Missouri",earthquake,0.29,1.01,0.064,44,reviewed,nm,nm
2020-06-15T11:40:46.170Z,35.758,-117.5743333,8.45,1.41,ml,18,74,0.06062,0.18,ci,ci39480208,2020-06-15T13:41:29.571Z,"15km W of Searles Valley, CA",earthquake,0.35,0.94,0.179,21,reviewed,ci,ci
2020-06-15T11:38:53.720Z,38.1662,-117.9463,10,1.3,ml,13,75.21,0.041,0.14,nn,nn00748891,2020-06-15T11:49:41.997Z,"28 km SSE of Mina, Nevada",earthquake,,1.1,,,automatic,nn,nn
2020-06-15T11:33:27.360Z,60.0177,-152.2192,73.9,1.6,ml,,,,0.49,ak,ak0207odhuvo,2020-06-15T11:39:38.062Z,"28 km WNW of Happy Valley, Alaska",earthquake,,0.5,,,automatic,ak,ak
2020-06-15T11:32:05.170Z,38.1482,-117.9968,15.1,1.4,ml,19,57.44,0.03,0.12,nn,nn00748888,2020-06-15T11:39:23.596Z,"28 km SSE of Mina, Nevada",earthquake,,1.2,,,automatic,nn,nn
2020-06-15T11:31:44.330Z,37.5696667,-119.1023333,3.14,0.51,md,10,301,0.0651,0.04,nc,nc73409401,2020-06-15T18:47:04.044Z,"13km SW of Mammoth Lakes, CA",earthquake,0.66,0.82,0.169,9,reviewed,nc,nc
2020-06-15T11:27:57.260Z,38.1843,-117.8107,13.6,1.3,ml,10,115.35,0.062,0.06,nn,nn00748885,2020-06-15T11:31:40.646Z,"34 km SE of Mina, Nevada",earthquake,,0.8,,,automatic,nn,nn
2020-06-15T11:24:27.960Z,38.8014984,-122.8146667,3.18,0.61,md,12,73,0.01352,0.02,nc,nc73409396,2020-06-15T11:57:07.043Z,"6km WNW of The Geysers, CA",earthquake,0.41,1.1,0.36,2,automatic,nc,nc
2020-06-15T11:23:32.770Z,38.8006668,-122.8126678,2.87,0.89,md,21,72,0.01443,0.03,nc,nc73409391,2020-06-15T13:30:04.641Z,"6km WNW of The Geysers, CA",earthquake,0.26,0.57,0.01,3,automatic,nc,nc
2020-06-15T11:20:20.310Z,19.1369991,-155.4454956,32.92,1.77,md,26,179,0.02413,0.14,hv,hv71559292,2020-06-15T11:23:46.460Z,"8 km SSE of P?hala, Hawaii",earthquake,0.68,1.04,0.2,4,automatic,hv,hv
2020-06-15T11:18:29.240Z,38.1337,-118.017,3.6,1.1,ml,16,142.55,0.046,0.28,nn,nn00748882,2020-06-15T11:25:21.299Z,"29 km SSE of Mina, Nevada",earthquake,,2.7,,,automatic,nn,nn
2020-06-15T11:16:31.860Z,19.3618336,-155.1178284,3.29,1.73,md,41,126,0.024,0.26,hv,hv71559287,2020-06-15T11:20:14.020Z,"11 km S of Fern Forest, Hawaii",earthquake,0.54,0.71,0.14,27,automatic,hv,hv
2020-06-15T11:13:38.186Z,43.3892,-126.6315,10,4.1,mb,,174,1.428,0.98,us,us6000ac5q,2020-06-15T16:20:31.336Z,"182 km W of Bandon, Oregon",earthquake,8,2,0.064,67,reviewed,us,us
2020-06-15T11:12:11.100Z,38.8123322,-122.8338318,2.16,0.32,md,7,199,0.005018,0.01,nc,nc73409381,2020-06-15T13:05:04.491Z,"8km WNW of The Geysers, CA",earthquake,0.68,1.11,0.24,2,automatic,nc,nc
2020-06-15T11:08:37.860Z,38.2,-117.7442,8.8,1.2,ml,17,121.8,0.131,0.11,nn,nn00748880,2020-06-15T11:19:41.692Z,"38 km ESE of Mina, Nevada",earthquake,,11.6,,,automatic,nn,nn
2020-06-15T11:07:17.720Z,38.1625,-117.9925,3.8,1,ml,8,157.63,0.019,0.11,nn,nn00748879,2020-06-15T11:14:07.949Z,"27 km SSE of Mina, Nevada",earthquake,,1.5,,,automatic,nn,nn
2020-06-15T11:04:19.340Z,33.5083333,-116.761,3.57,1.32,ml,58,29,0.03312,0.18,ci,ci39480200,2020-06-15T13:42:23.100Z,"10km WSW of Anza, CA",earthquake,0.16,0.46,0.159,25,reviewed,ci,ci
2020-06-15T11:03:37.964Z,24.819,122.9294,35,4.5,mb,,48,0.358,1.21,us,us6000ac61,2020-06-15T12:32:11.040Z,"39 km N of Yonakuni, Japan",earthquake,2.3,2,0.121,20,reviewed,us,us
2020-06-15T11:02:57.600Z,37.5728333,-119.1041667,3.58,0.53,md,12,302,0.06252,0.04,nc,nc73409371,2020-06-15T18:32:02.964Z,"13km WSW of Mammoth Lakes, CA",earthquake,0.69,0.68,0.129,10,reviewed,nc,nc
2020-06-15T11:00:28.428Z,38.1506,-118.0429,1.8,2.5,ml,29,42.74,0.012,0.1605,nn,nn00748874,2020-06-16T02:18:47.485Z,"27 km SSE of Mina, Nevada",earthquake,,0.5,0.45,11,reviewed,nn,nn
2020-06-15T10:59:44.090Z,38.1347,-118.0007,5.2,1.4,ml,20,108.92,0.068,0.17,nn,nn00748872,2020-06-15T11:09:02.163Z,"29 km SSE of Mina, Nevada",earthquake,,1.1,,,automatic,nn,nn
2020-06-15T10:56:29.440Z,38.191,-117.9882,11.9,1,ml,10,230.83,0.022,0.08,nn,nn00748869,2020-06-15T11:00:40.923Z,"24 km SSE of Mina, Nevada",earthquake,,7.3,,,automatic,nn,nn
2020-06-15T10:55:04.170Z,38.156,-117.9425,12.9,1.2,ml,16,130.25,0.049,0.1,nn,nn00748867,2020-06-15T10:58:20.858Z,"29 km SSE of Mina, Nevada",earthquake,,0.9,,,automatic,nn,nn
2020-06-15T10:53:23.120Z,38.1967,-117.9643,4,1.1,ml,14,113.28,0.015,0.19,nn,nn00748865,2020-06-15T10:57:01.099Z,"24 km SSE of Mina, Nevada",earthquake,,0.8,,,automatic,nn,nn
2020-06-15T10:49:01.250Z,37.372,-121.7426667,2.49,0.99,md,18,80,0.02089,0.06,nc,nc73409356,2020-06-15T19:48:03.438Z,"8km E of Alum Rock, CA",earthquake,0.2,0.34,0.353,17,reviewed,nc,nc
2020-06-15T10:44:27.450Z,42.257,-111.5775,11.8,0.98,md,12,126,0.207,0.17,uu,uu60396722,2020-06-15T14:46:08.080Z,"14 km WNW of Paris, Idaho",earthquake,0.72,0.84,0.13,9,reviewed,uu,uu
2020-06-15T10:43:53.580Z,45.9673333,-111.2633333,4.27,2.08,ml,18,151,0.448,0.13,mb,mb80438534,2020-06-15T21:48:00.780Z,"10 km SE of Ponderosa Pines, Montana",earthquake,0.75,0.84,0.108,12,reviewed,mb,mb
2020-06-15T10:40:43.620Z,36.8503342,-121.5443344,5,1.46,md,10,82,0.04561,0.07,nc,nc73409346,2020-06-15T11:33:03.883Z,"1km NW of San Juan Bautista, CA",earthquake,0.45,0.86,0.23,7,automatic,nc,nc
2020-06-15T10:37:51.200Z,35.4991667,-118.408,2.23,1.26,ml,18,138,0.1719,0.17,ci,ci39480176,2020-06-15T13:41:48.318Z,"12km SE of Bodfish, CA",earthquake,0.4,1.3,0.214,17,reviewed,ci,ci
2020-06-15T10:37:35.379Z,-9.4501,156.0842,23.22,5.3,mb,,37,3.811,0.81,us,us6000ac54,2020-06-15T10:54:31.040Z,"170 km SSW of Gizo, Solomon Islands",earthquake,8,5.3,0.083,49,reviewed,us,us
2020-06-15T10:32:38.980Z,38.0223333,-118.8031667,4.82,2.93,md,42,75,0.2838,0.06,nc,nc73409341,2020-06-16T03:39:05.531Z,"28km SE of Bodie, CA",earthquake,0.21,4.21,0.197,43,reviewed,nc,nc
2020-06-15T10:28:14.560Z,38.1575,-117.9445,13.5,1.3,ml,14,94.55,0.05,0.16,nn,nn00748855,2020-06-15T10:33:10.183Z,"29 km SSE of Mina, Nevada",earthquake,,0.8,,,automatic,nn,nn
2020-06-15T10:26:39.020Z,38.1665,-117.9302,12,0.4,ml,9,118.4,0.053,0.05,nn,nn00748854,2020-06-15T10:33:00.074Z,"29 km SSE of Mina, Nevada",earthquake,,5.3,,,automatic,nn,nn
2020-06-15T10:23:40.040Z,38.1232,-118.1608,1,0.6,ml,10,188.12,0.116,0.04,nn,nn00748853,2020-06-15T10:28:40.110Z,"30 km S of Mina, Nevada",earthquake,,8.8,,,automatic,nn,nn
2020-06-15T10:20:02.414Z,38.1516,-117.9448,11.2,2.2,ml,29,52.13,0.057,0.1773,nn,nn00749004,2020-06-16T02:18:58.660Z,"30 km SSE of Mina, Nevada",earthquake,,0.6,0.34,10,reviewed,nn,nn
2020-06-15T10:19:45.857Z,38.1589,-117.9008,5.2,1.7,ml,21,96.56,0.023,0.1054,nn,nn00748851,2020-06-16T02:18:39.892Z,"31 km SE of Mina, Nevada",earthquake,,0.8,0.32,4,reviewed,nn,nn
2020-06-15T10:17:50.000Z,48.1751666666667,-121.682833333333,-0.3,0.85,ml,6,180,0.1649,0.07,uw,uw61631722,2020-06-15T19:00:24.800Z,"10 km SW of Darrington, Washington",earthquake,0.58,1.21,0.0944215336984426,2,reviewed,uw,uw
2020-06-15T10:17:25.170Z,38.1033,-118.0963,0.1,0.8,ml,14,122.55,0.067,0.16,nn,nn00748847,2020-06-15T10:23:04.020Z,"31 km S of Mina, Nevada",earthquake,,14.6,,,automatic,nn,nn
2020-06-15T10:15:52.310Z,38.168,-117.9397,5,1.2,ml,9,120.3,0.032,0.11,nn,nn00748846,2020-06-15T10:18:59.863Z,"28 km SSE of Mina, Nevada",earthquake,,0.8,,,automatic,nn,nn
2020-06-15T10:15:43.433Z,60.8494,-150.6082,41,1,ml,,,,0.65,ak,ak0207ocslm4,2020-06-15T10:20:20.204Z,"9 km SSE of Point Possession, Alaska",earthquake,,1.1,,,automatic,ak,ak
2020-06-15T10:08:23.160Z,38.1438,-118.0653,0.2,0.8,ml,12,144.85,0.15,0.09,nn,nn00748844,2020-06-15T10:17:59.953Z,"27 km S of Mina, Nevada",earthquake,,10,,,automatic,nn,nn
2020-06-15T09:59:52.300Z,48.1666666666667,-121.676166666667,1.64,1.81,ml,21,77,0.1703,0.16,uw,uw61631717,2020-06-15T18:56:05.197Z,"11 km SSW of Darrington, Washington",earthquake,0.23,1.2,0.135735005317135,12,reviewed,uw,uw
2020-06-15T09:59:34.970Z,38.1672,-118.027,9,0.3,ml,9,144.02,0.06,0.16,nn,nn00748843,2020-06-15T10:10:00.012Z,"25 km SSE of Mina, Nevada",earthquake,,12.3,,,automatic,nn,nn
2020-06-15T09:55:56.860Z,38.127,-118.0547,0.1,0.5,ml,12,166.31,0.055,0.26,nn,nn00748841,2020-06-15T10:01:20.163Z,"29 km S of Mina, Nevada",earthquake,,22,,,automatic,nn,nn
2020-06-15T09:54:40.410Z,33.505,-116.7785,7.86,0.59,ml,29,36,0.06938,0.15,ci,ci39480128,2020-06-15T09:58:25.011Z,"11km NE of Aguanga, CA",earthquake,0.2,0.66,0.157,17,automatic,ci,ci
2020-06-15T09:54:06.350Z,38.1528,-118.0458,3.1,1.6,ml,16,143.35,0.02,0.05,nn,nn00748837,2020-06-15T09:58:20.855Z,"26 km SSE of Mina, Nevada",earthquake,,1.9,,,automatic,nn,nn
2020-06-15T09:53:36.020Z,38.152,-117.9303,13,1.1,ml,13,93.8,0.054,0.08,nn,nn00748835,2020-06-15T09:58:00.892Z,"30 km SSE of Mina, Nevada",earthquake,,0.7,,,automatic,nn,nn
2020-06-15T09:49:40.770Z,36.2985,-89.532,8.68,1.51,md,13,70,0.0382,0.13,nm,nm60295502,2020-06-15T13:29:09.930Z,"5 km NW of Ridgely, Tennessee",earthquake,0.31,0.6,0.032,11,reviewed,nm,nm
2020-06-15T09:49:36.450Z,38.1458,-118.0055,5.5,1,ml,11,127.23,0.079,0.18,nn,nn00748834,2020-06-15T09:54:41.504Z,"28 km SSE of Mina, Nevada",earthquake,,1.2,,,automatic,nn,nn
2020-06-15T09:47:38.900Z,33.5891667,-116.802,6.35,0.29,ml,15,74,0.03196,0.1,ci,ci39480120,2020-06-15T13:42:06.590Z,"12km WNW of Anza, CA",earthquake,0.26,0.47,0.12,8,reviewed,ci,ci
2020-06-15T09:46:49.650Z,65.4292,-153.429,2.5,0.9,ml,,,,0.61,ak,ak0207ocdtoj,2020-06-15T09:51:03.553Z,"69 km WNW of Tanana, Alaska",earthquake,,1,,,automatic,ak,ak
2020-06-15T09:44:46.860Z,38.1832,-117.7928,6.1,1.4,ml,24,62.58,0.059,0.08,nn,nn00748830,2020-06-15T09:51:03.222Z,"35 km SE of Mina, Nevada",earthquake,,0.5,,,automatic,nn,nn
2020-06-15T09:43:25.600Z,17.8985,-66.9485,13,2.42,md,16,239,0.1033,0.2,pr,pr2020167018,2020-06-15T09:59:17.468Z,"9 km SSW of Guánica, Puerto Rico",earthquake,0.94,0.44,0.11,7,reviewed,pr,pr
2020-06-15T09:38:12.840Z,33.591,-117.2161667,14.97,0.84,ml,25,107,0.01949,0.19,ci,ci39480112,2020-06-15T13:42:21.592Z,"4km N of Murrieta, CA",earthquake,0.29,0.59,0.271,27,reviewed,ci,ci
2020-06-15T09:37:46.640Z,17.951,-67.0041,4,2.83,md,19,218,0.0442,0.22,pr,pr2020167017,2020-06-15T13:45:01.859Z,"5 km ESE of La Parguera, Puerto Rico",earthquake,0.56,0.41,0.13,13,reviewed,pr,pr
2020-06-15T09:35:51.210Z,33.5073333,-116.5165,11.59,0.2,ml,15,100,0.05148,0.16,ci,ci39480104,2020-06-15T09:39:33.068Z,"16km ESE of Anza, CA",earthquake,0.39,0.8,0.184,5,automatic,ci,ci
2020-06-15T09:23:18.664Z,38.1275,-118.0587,2.8,2,ml,29,56.39,0.033,0.1475,nn,nn00748825,2020-06-16T02:18:37.919Z,"29 km S of Mina, Nevada",earthquake,,1,0.34,10,reviewed,nn,nn
2020-06-15T09:22:10.390Z,36.8901667,-121.2393333,5.9,1.01,md,26,79,0.04952,0.08,nc,nc73409326,2020-06-15T19:01:08.720Z,"13km NNE of Tres Pinos, CA",earthquake,0.2,0.58,0.148,19,reviewed,nc,nc
2020-06-15T09:19:56.140Z,38.131,-118.0513,6.7,0.9,ml,10,113.26,0.084,0.17,nn,nn00748822,2020-06-15T09:24:20.542Z,"29 km S of Mina, Nevada",earthquake,,1.2,,,automatic,nn,nn
2020-06-15T09:19:53.620Z,33.4503333,-116.5566667,9.19,0.37,ml,12,75,0.05837,0.09,ci,ci39480096,2020-06-15T13:42:37.807Z,"16km SE of Anza, CA",earthquake,0.28,0.46,0.204,8,reviewed,ci,ci
2020-06-15T09:18:03.133Z,24.7985,123.293,10,4.7,mb,,101,0.417,0.74,us,us6000ac40,2020-06-15T09:39:09.040Z,"47 km NE of Yonakuni, Japan",earthquake,5.9,1.9,0.077,51,reviewed,us,us
2020-06-15T09:16:51.080Z,38.1488,-118.0108,8.4,1.1,ml,15,155.72,0.06,0.08,nn,nn00748819,2020-06-15T09:21:21.085Z,"28 km SSE of Mina, Nevada",earthquake,,1.3,,,automatic,nn,nn
2020-06-15T09:16:13.930Z,17.9876,-66.7533,12,2.89,md,21,169,0.1265,0.16,pr,pr2020167016,2020-06-15T09:37:18.812Z,"3 km SSE of Magas Arriba, Puerto Rico",earthquake,0.4,0.33,0.11,17,reviewed,pr,pr
2020-06-15T09:12:48.800Z,44.7243333,-110.8768333,4.52,0.64,md,6,85,0.06669,0.06,uu,uu60396717,2020-06-15T21:47:06.480Z,"19 km ENE of West Yellowstone, Montana",earthquake,0.33,1.83,0.249,5,reviewed,uu,uu
2020-06-15T09:12:36.718Z,38.1249,-118.0544,2.7,3.5,ml,33,44.06,0.035,0.155,nn,nn00748811,2020-06-16T02:19:42.967Z,"29 km S of Mina, Nevada",earthquake,,1,0.45,11,reviewed,nn,nn
2020-06-15T09:09:37.180Z,38.1462,-117.9457,10.5,1.2,ml,14,98.85,0.06,0.18,nn,nn00748808,2020-06-15T09:13:21.888Z,"30 km SSE of Mina, Nevada",earthquake,,1.3,,,automatic,nn,nn
2020-06-15T09:08:54.280Z,17.9733,-66.8415,16,2.5,md,19,181,0.0377,0.26,pr,pr2020167015,2020-06-15T09:24:37.348Z,"3 km SW of Indios, Puerto Rico",earthquake,0.69,0.46,0.23,16,reviewed,pr,pr
2020-06-15T09:08:51.250Z,34.032,-117.2551667,16.81,1.84,ml,83,27,0.07942,0.18,ci,ci39480080,2020-06-15T09:19:51.790Z,"2km SSE of Loma Linda, CA",earthquake,0.18,0.4,0.163,23,automatic,ci,ci
2020-06-15T08:59:07.510Z,38.1683,-117.8787,12.4,1.5,ml,24,69.2,0.043,0.08,nn,nn00748806,2020-06-15T09:10:43.432Z,"31 km SE of Mina, Nevada",earthquake,,0.6,,,automatic,nn,nn
2020-06-15T08:51:41.880Z,38.1988,-117.9642,0.7,0.7,ml,10,98.36,0.016,0.15,nn,nn00748804,2020-06-15T09:00:20.667Z,"24 km SSE of Mina, Nevada",earthquake,,1.5,,,automatic,nn,nn
2020-06-15T08:51:13.831Z,59.9499,-152.1032,70.2,2,ml,,,,0.48,ak,ak0207obtdvb,2020-06-15T09:49:22.163Z,"20 km W of Happy Valley, Alaska",earthquake,,0.5,,,automatic,ak,ak
2020-06-15T08:50:46.510Z,38.1383,-117.9002,9.3,0.5,ml,11,102.6,0.024,0.17,nn,nn00748802,2020-06-15T08:54:20.305Z,"33 km SSE of Mina, Nevada",earthquake,,12.6,,,automatic,nn,nn
2020-06-15T08:45:04.220Z,48.1618333333333,-121.672666666667,2.43,0.55,ml,6,186,0.1734,0.09,uw,uw61631712,2020-06-15T22:23:07.560Z,"11 km NE of Verlot, Washington",earthquake,0.52,4.79,0.12481246053535,2,reviewed,uw,uw
2020-06-15T08:42:23.510Z,38.1527,-118.0338,0,0.9,ml,17,122.72,0.028,0.23,nn,nn00748799,2020-06-15T08:52:21.510Z,"27 km SSE of Mina, Nevada",earthquake,,8.2,,,automatic,nn,nn
2020-06-15T08:35:20.145Z,52.7334,-169.7535,3.5,2.7,ml,,,,0.84,ak,ak0207obpz95,2020-06-15T16:20:19.631Z,"63 km WSW of Nikolski, Alaska",earthquake,,0.4,,,reviewed,ak,ak
2020-06-15T08:31:37.400Z,38.1657,-117.7978,22.7,0.7,ml,13,95.39,0.043,0.14,nn,nn00748797,2020-06-15T08:37:40.497Z,"36 km SE of Mina, Nevada",earthquake,,5.6,,,automatic,nn,nn
2020-06-15T08:29:34.800Z,35.5905,-117.4706667,11.32,1.55,ml,19,93,0.007972,0.14,ci,ci39480072,2020-06-15T13:43:06.595Z,"19km E of Ridgecrest, CA",earthquake,0.33,0.57,0.14,23,reviewed,ci,ci
2020-06-15T08:24:04.150Z,38.1663,-117.9137,11.9,1.2,ml,16,97.87,0.049,0.14,nn,nn00748793,2020-06-15T08:27:41.123Z,"30 km SE of Mina, Nevada",earthquake,,1.1,,,automatic,nn,nn
2020-06-15T08:22:46.580Z,38.1488,-118.0177,6.4,1.6,ml,23,61.72,0.024,0.1,nn,nn00748790,2020-06-15T08:26:02.548Z,"27 km SSE of Mina, Nevada",earthquake,,0.6,,,automatic,nn,nn
2020-06-15T08:18:30.110Z,33.0251656,-116.2860031,11.39,1.46,ml,16,131,0.1175,0.14,ci,ci39480064,2020-06-15T08:20:35.938Z,"20km SW of Ocotillo Wells, CA",earthquake,0.4,1.51,0.619,9,automatic,ci,ci
2020-06-15T08:13:05.531Z,44.4407,-115.1822,10,2.5,ml,,61,0.87,0.61,us,us6000ac37,2020-06-15T22:51:34.780Z,"31 km NW of Stanley, Idaho",earthquake,1.5,2,0.045,64,reviewed,us,us
2020-06-15T08:11:18.690Z,38.1527,-118.023,3.4,1.1,ml,12,98.22,0.033,0.03,nn,nn00748787,2020-06-15T08:23:41.763Z,"27 km SSE of Mina, Nevada",earthquake,,1.5,,,automatic,nn,nn
2020-06-15T08:09:20.370Z,38.1495,-118.0253,1.7,0.5,ml,8,189.3,0.042,0.19,nn,nn00748786,2020-06-15T08:12:59.746Z,"27 km SSE of Mina, Nevada",earthquake,,17.6,,,automatic,nn,nn
2020-06-15T08:06:08.270Z,38.0451667,-118.7418333,0.21,1.66,md,28,91,0.2779,0.06,nc,nc73409301,2020-06-15T19:23:02.257Z,"30km SE of Bodie, CA",earthquake,0.33,1.7,0.264,28,reviewed,nc,nc
2020-06-15T07:57:57.770Z,38.1485,-117.8705,10.1,1.3,ml,14,89.54,0.01,0.08,nn,nn00748777,2020-06-15T08:03:01.231Z,"34 km SE of Mina, Nevada",earthquake,,0.7,,,automatic,nn,nn
2020-06-15T07:55:05.272Z,62.3749,-153.0836,34.9,1.1,ml,,,,1.34,ak,ak0207ob8si0,2020-06-15T07:59:07.091Z,"97 km SE of Nikolai, Alaska",earthquake,,2.9,,,automatic,ak,ak
2020-06-15T07:36:25.240Z,46.9108333,-112.504,10.02,0.98,ml,10,126,0.109,0.08,mb,mb80438909,2020-06-15T21:54:10.620Z,"14 km ESE of Lincoln, Montana",earthquake,0.97,0.63,0.113,2,reviewed,mb,mb
2020-06-15T07:35:26.780Z,38.132,-118.0002,9.2,1.7,ml,22,61.5,0.051,0.1,nn,nn00748771,2020-06-15T07:50:43.466Z,"30 km SSE of Mina, Nevada",earthquake,,0.8,,,automatic,nn,nn
2020-06-15T07:33:51.650Z,17.9361,-66.6435,5,2.77,md,21,190,0.113,0.29,pr,pr2020167013,2020-06-15T08:02:42.117Z,"8 km SSW of Ponce, Puerto Rico",earthquake,0.56,0.36,0.3,18,reviewed,pr,pr
2020-06-15T07:32:46.190Z,47.788,-122.852166666667,17.61,0.51,ml,5,226,0.04717,0.15,uw,uw61631692,2020-06-15T19:43:05.010Z,"4 km SSE of Quilcene, Washington",earthquake,0.93,1.21,0.0533622509917964,4,reviewed,uw,uw
2020-06-15T07:29:24.470Z,38.1413,-117.9983,0.1,0.9,ml,8,140.52,0.065,0.16,nn,nn00748770,2020-06-15T07:36:19.691Z,"29 km SSE of Mina, Nevada",earthquake,,9.1,,,automatic,nn,nn
2020-06-15T07:27:53.840Z,38.1427,-118.018,8.8,1.6,ml,17,62.1,0.067,0.07,nn,nn00748768,2020-06-15T07:31:41.601Z,"28 km SSE of Mina, Nevada",earthquake,,0.9,,,automatic,nn,nn
2020-06-15T07:27:34.391Z,22.8897,70.2373,10,3.9,mb,,248,11.657,0.44,us,us6000acfz,2020-06-16T01:02:32.028Z,"16 km S of K?ndla, India",earthquake,8.7,2,0.142,13,reviewed,us,us
2020-06-15T07:26:07.110Z,38.1317,-118.036,0.9,1.1,ml,12,126.84,0.035,0.14,nn,nn00748765,2020-06-15T07:30:02.431Z,"29 km SSE of Mina, Nevada",earthquake,,11.9,,,automatic,nn,nn
2020-06-15T07:24:58.607Z,24.876,123.1483,10,4.6,mb,,77,0.425,0.67,us,us6000ac2p,2020-06-15T08:58:10.040Z,"47 km NNE of Yonakuni, Japan",earthquake,4.5,1.8,0.083,43,reviewed,us,us
2020-06-15T07:23:00.485Z,-21.9512,-67.338,190.52,4.7,mb,,34,1.263,1.12,us,us6000ac2m,2020-06-15T07:47:35.040Z,"138 km NE of San Pedro de Atacama, Chile",earthquake,7.7,5.7,0.03,338,reviewed,us,us
2020-06-15T07:18:32.887Z,-24.2219,-67.2488,164.09,4.5,mwr,,69,1.525,0.97,us,us6000ac2l,2020-06-15T07:54:37.040Z,"94 km W of San Antonio de los Cobres, Argentina",earthquake,7.9,7.1,,,reviewed,us,guc
2020-06-15T07:14:58.020Z,35.56683333,-97.07816667,7,1.39,ml,38,51,0.1340736902,0.17,ok,ok2020lrvw,2020-06-15T20:45:22.408Z,"11 km NE of Harrah, Oklahoma",earthquake,,0.6,0.18,6,reviewed,ok,ok
2020-06-15T07:14:51.280Z,38.1672,-117.8737,7.7,1.6,ml,19,75.24,0.025,0.12,nn,nn00748760,2020-06-15T07:27:22.985Z,"32 km SE of Mina, Nevada",earthquake,,0.7,,,automatic,nn,nn
2020-06-15T07:14:40.204Z,39.5958,40.6769,10,4.3,mb,,56,0.443,0.73,us,us6000ac2k,2020-06-15T09:25:46.040Z,"21 km NE of Yedisu, Turkey",earthquake,5,1.9,0.089,36,reviewed,us,us
2020-06-15T07:12:49.859Z,36.21716667,-97.3015,5.48,1.48,ml,37,62,0.0638874631,0.22,ok,ok2020lrvu,2020-06-15T20:24:34.964Z,"8 km S of Perry, Oklahoma",earthquake,,0.6,0.2,6,reviewed,ok,ok
2020-06-15T07:12:20.531Z,62.8397,-149.6658,75.8,1.3,ml,,,,0.62,ak,ak0207oazlvp,2020-06-15T07:15:47.590Z,"48 km NNE of Chase, Alaska",earthquake,,0.7,,,automatic,ak,ak
2020-06-15T07:11:03.080Z,33.5073333,-116.7826667,6.1,0.55,ml,26,58,0.06921,0.1,ci,ci39480048,2020-06-15T13:46:12.756Z,"10km NE of Aguanga, CA",earthquake,0.18,0.61,0.143,16,reviewed,ci,ci
2020-06-15T07:05:04.980Z,17.831,-66.8676,7,2.69,md,22,241,0.1446,0.12,pr,pr2020167014,2020-06-15T08:05:37.925Z,"16 km SSE of Guánica, Puerto Rico",earthquake,0.51,0.42,0.25,15,reviewed,pr,pr
2020-06-15T07:01:24.150Z,33.4926667,-116.7926667,6.31,0.39,ml,14,108,0.08603,0.17,ci,ci39480040,2020-06-15T07:05:09.563Z,"9km NE of Aguanga, CA",earthquake,0.43,1.42,0.069,12,automatic,ci,ci
2020-06-15T07:00:52.922Z,38.1209,-118.0316,1.8,2.4,ml,26,56.14,0.042,0.1206,nn,nn00748755,2020-06-16T02:18:23.625Z,"30 km SSE of Mina, Nevada",earthquake,,0.7,0.55,8,reviewed,nn,nn
2020-06-15T06:56:46.880Z,33.1451667,-116.4903333,9.2,0.64,ml,23,70,0.1104,0.24,ci,ci39480032,2020-06-15T07:00:37.433Z,"13km NE of Julian, CA",earthquake,0.48,1.06,0.169,10,automatic,ci,ci
2020-06-15T06:56:16.280Z,17.9358,-66.9528,13,2.71,md,23,211,0.0834,0.25,pr,pr2020167012,2020-06-15T08:02:23.725Z,"6 km SW of Guánica, Puerto Rico",earthquake,0.75,0.39,0.45,20,reviewed,pr,pr
2020-06-15T06:53:12.620Z,38.2017,-117.9575,4.4,1.4,ml,16,83.35,0.02,0.12,nn,nn00748750,2020-06-15T06:58:42.135Z,"24 km SSE of Mina, Nevada",earthquake,,0.5,,,automatic,nn,nn
2020-06-15T06:51:31.738Z,39.4146,40.7491,10,5.4,mww,,37,0.633,0.58,us,us6000ac28,2020-06-15T22:22:46.040Z,"18 km E of Yedisu, Turkey",earthquake,4.4,1.8,0.068,21,reviewed,us,us
2020-06-15T06:51:15.670Z,35.6848333,-117.4101667,5.72,1.02,ml,15,130,0.1069,0.14,ci,ci39480024,2020-06-15T13:46:59.672Z,"9km S of Searles Valley, CA",earthquake,0.47,1.7,0.104,10,reviewed,ci,ci
2020-06-15T06:44:29.570Z,17.828,-66.8678,7,2.8,md,23,241,0.1475,0.18,pr,pr2020167011,2020-06-15T08:02:05.109Z,"16 km SSE of Guánica, Puerto Rico",earthquake,0.49,0.41,0.08,16,reviewed,pr,pr
2020-06-15T06:44:07.500Z,37.553,-118.8326667,7.49,0.91,md,22,174,0.03707,0.08,nc,nc73409291,2020-06-15T21:23:03.027Z,"14km W of Toms Place, CA",earthquake,0.49,31.61,0.212,18,reviewed,nc,nc
2020-06-15T06:35:52.980Z,38.0386667,-118.7581667,2.61,1.87,md,25,108,0.2915,0.04,nc,nc73409286,2020-06-15T22:57:03.993Z,"29km SE of Bodie, CA",earthquake,0.43,8.61,0.244,25,reviewed,nc,nc
2020-06-15T06:34:47.640Z,17.9393,-67.0115,5,2.3,md,16,232,0.0445,0.22,pr,pr2020167010,2020-06-15T08:01:45.437Z,"5 km SE of La Parguera, Puerto Rico",earthquake,0.67,0.4,0.06,12,reviewed,pr,pr
2020-06-15T06:30:41.140Z,17.9511,-66.948,11,3.23,md,22,198,0.0729,0.14,pr,pr2020167009,2020-06-15T07:02:39.285Z,"4 km WSW of Guánica, Puerto Rico",earthquake,0.55,0.45,0.1,11,reviewed,pr,pr
2020-06-15T06:22:03.790Z,38.2153,-117.8137,8.5,0.4,ml,10,103.99,0.01,0.07,nn,nn00748746,2020-06-15T06:36:39.762Z,"32 km SE of Mina, Nevada",earthquake,,8,,,automatic,nn,nn
2020-06-15T06:14:47.990Z,38.1275,-118.0038,6.6,0.8,ml,12,109.41,0.048,0.09,nn,nn00748743,2020-06-15T06:24:00.762Z,"30 km SSE of Mina, Nevada",earthquake,,1.2,,,automatic,nn,nn
2020-06-15T06:12:01.210Z,38.1725,-117.9925,1,0.4,ml,8,120.17,0.018,0.06,nn,nn00748742,2020-06-15T06:15:55.903Z,"26 km SSE of Mina, Nevada",earthquake,,7.6,,,automatic,nn,nn
2020-06-15T06:06:44.050Z,17.9313,-67.0148,4,2.39,md,11,236,0.0482,0.31,pr,pr2020167008,2020-06-15T06:44:59.130Z,"5 km SE of La Parguera, Puerto Rico",earthquake,1.11,0.6,0.21,3,reviewed,pr,pr
2020-06-15T06:05:07.630Z,35.7223333,-117.5431667,10.23,0.62,ml,8,155,0.1032,0.19,ci,ci39480008,2020-06-15T13:47:17.485Z,"14km WSW of Searles Valley, CA",earthquake,0.69,1.53,0.152,8,reviewed,ci,ci
