time,latitude,longitude,depth,mag,magType,nst,gap,dmin,rms,net,id,updated,place,type,horizontalError,depthError,magError,magNst,status,locationSource,magSource
2020-06-14T14:43:08.290Z,23.3871,70.3817,10,5.1,mb,,40,11.175,0.65,us,us6000abp7,2020-06-15T17:49:55.280Z,"10 km NNE of Bhach?u, India",earthquake,9.1,1.8,0.036,252,reviewed,us,us
2020-06-13T15:51:23.368Z,28.9386,128.2621,159.62,6.6,mww,,30,2.094,0.99,us,us6000abcq,2020-06-15T23:33:48.834Z,"135 km WNW of Naze, Japan",earthquake,7.5,4,0.051,37,reviewed,us,us
2020-06-09T17:18:14.057Z,27.7105,53.4265,10,5.8,mww,,21,3.714,0.84,us,us6000a8nh,2020-06-12T13:38:40.136Z,"56 km ENE of Mohr, Iran",earthquake,5,1.8,0.05,38,reviewed,us,us
2020-06-09T16:08:50.945Z,27.7722,53.3448,10,5.5,mww,,73,3.808,0.66,us,us6000a8lw,2020-06-11T15:26:55.107Z,"51 km ENE of Mohr, Iran",earthquake,7.6,1.9,0.052,36,reviewed,us,us
2020-06-04T08:49:39.782Z,2.9231,128.2477,106.86,6.4,mww,,20,2.311,0.99,us,us6000a5r3,2020-06-05T18:48:41.040Z,"134 km NNE of Tobelo, Indonesia",earthquake,7.3,5,0.062,25,reviewed,us,us
2020-06-04T01:32:11.140Z,35.6148333,-117.4281667,8.44,5.53,mw,85,45,0.0396,0.21,ci,ci39462536,2020-06-14T23:03:20.974Z,"17km S of Searles Valley, CA",earthquake,0.15,0.45,,6,reviewed,ci,ci
2020-06-03T07:35:34.844Z,-23.2955,-68.4217,96.84,6.8,mww,,21,1.211,1.38,us,us6000a4yi,2020-06-04T18:15:29.267Z,"48 km SSW of San Pedro de Atacama, Chile",earthquake,6.4,4.7,0.05,39,reviewed,us,us
